call_id,caller_id,caller_name,caller_phone,callee_id,callee_name,callee_phone,timestamp,day,call_type,duration_sec,cell_tower_location
CDR00001,D1,Rajan Qureshi,7010000001,D2,Vivaan Kulkarni,7010000002,2026-01-06 17:24:00,6,voice,516,Industrial Estate Road
CDR00002,D1,Rajan Qureshi,7010000001,D2,Vivaan Kulkarni,7010000002,2026-01-08 20:12:00,8,voice,322,Old Market Circle
CDR00003,D1,Rajan Qureshi,7010000001,D2,Vivaan Kulkarni,7010000002,2026-01-20 10:34:00,20,voice,25,Riverside Colony
CDR00004,D1,Rajan Qureshi,7010000001,D2,Vivaan Kulkarni,7010000002,2026-01-22 19:13:00,22,sms,0,Old Market Circle
CDR00005,D1,Rajan Qureshi,7010000001,D2,Vivaan Kulkarni,7010000002,2026-01-31 18:38:00,31,voice,272,Lakeview Chowk
CDR00006,D1,Rajan Qureshi,7010000001,D2,Vivaan Kulkarni,7010000002,2026-02-05 19:50:00,36,voice,205,New Colony
CDR00007,D1,Rajan Qureshi,7010000001,D2,Vivaan Kulkarni,7010000002,2026-02-08 23:03:00,39,sms,0,Hilltop Society
CDR00008,D1,Rajan Qureshi,7010000001,D2,Vivaan Kulkarni,7010000002,2026-02-17 15:21:00,48,voice,387,Central Junction
CDR00009,D1,Rajan Qureshi,7010000001,D2,Vivaan Kulkarni,7010000002,2026-02-19 17:01:00,50,voice,400,Dockside Ward
CDR00010,D1,Rajan Qureshi,7010000001,D2,Vivaan Kulkarni,7010000002,2026-02-24 08:13:00,55,voice,211,North Bypass
CDR00011,D1,Rajan Qureshi,7010000001,D2,Vivaan Kulkarni,7010000002,2026-03-01 16:09:00,60,sms,0,Dockside Ward
CDR00012,D1,Rajan Qureshi,7010000001,D2,Vivaan Kulkarni,7010000002,2026-03-17 19:30:00,76,voice,138,Dockside Ward
CDR00013,D1,Rajan Qureshi,7010000001,D2,Vivaan Kulkarni,7010000002,2026-03-18 18:28:00,77,sms,0,Dockside Ward
CDR00014,D1,Rajan Qureshi,7010000001,D2,Vivaan Kulkarni,7010000002,2026-03-23 16:10:00,82,voice,582,Dockside Ward
CDR00015,D1,Rajan Qureshi,7010000001,D2,Vivaan Kulkarni,7010000002,2026-03-27 19:10:00,86,sms,0,Eastgate
CDR00016,D1,Rajan Qureshi,7010000001,D3,Rajesh Ansari,7010000003,2026-01-01 08:17:00,1,sms,0,Industrial Estate Road
CDR00017,D1,Rajan Qureshi,7010000001,D3,Rajesh Ansari,7010000003,2026-01-02 23:54:00,2,voice,357,Old Market Circle
CDR00018,D1,Rajan Qureshi,7010000001,D3,Rajesh Ansari,7010000003,2026-01-05 09:01:00,5,voice,21,Lakeview Chowk
CDR00019,D1,Rajan Qureshi,7010000001,D3,Rajesh Ansari,7010000003,2026-01-15 08:57:00,15,voice,75,Eastgate
CDR00020,D1,Rajan Qureshi,7010000001,D3,Rajesh Ansari,7010000003,2026-01-17 07:49:00,17,sms,0,Hilltop Society
CDR00021,D1,Rajan Qureshi,7010000001,D3,Rajesh Ansari,7010000003,2026-01-19 11:55:00,19,voice,51,Industrial Estate Road
CDR00022,D1,Rajan Qureshi,7010000001,D3,Rajesh Ansari,7010000003,2026-01-27 22:10:00,27,voice,484,Station Road
CDR00023,D1,Rajan Qureshi,7010000001,D3,Rajesh Ansari,7010000003,2026-01-29 19:37:00,29,voice,412,Eastgate
CDR00024,D1,Rajan Qureshi,7010000001,D3,Rajesh Ansari,7010000003,2026-02-01 09:34:00,32,voice,571,Lakeview Chowk
CDR00025,D1,Rajan Qureshi,7010000001,D3,Rajesh Ansari,7010000003,2026-02-03 15:12:00,34,sms,0,Eastgate
CDR00026,D1,Rajan Qureshi,7010000001,D3,Rajesh Ansari,7010000003,2026-02-06 13:24:00,37,sms,0,Eastgate
CDR00027,D1,Rajan Qureshi,7010000001,D3,Rajesh Ansari,7010000003,2026-02-07 22:26:00,38,voice,78,Lakeview Chowk
CDR00028,D1,Rajan Qureshi,7010000001,D3,Rajesh Ansari,7010000003,2026-02-12 09:29:00,43,voice,253,Central Junction
CDR00029,D1,Rajan Qureshi,7010000001,D3,Rajesh Ansari,7010000003,2026-02-26 13:54:00,57,voice,333,Dockside Ward
CDR00030,D1,Rajan Qureshi,7010000001,D3,Rajesh Ansari,7010000003,2026-03-08 09:58:00,67,voice,359,Central Junction
CDR00031,D1,Rajan Qureshi,7010000001,D3,Rajesh Ansari,7010000003,2026-03-16 22:42:00,75,sms,0,Riverside Colony
CDR00032,D1,Rajan Qureshi,7010000001,D4,Sameer Nair,7010000004,2026-01-10 17:02:00,10,voice,408,Hilltop Society
CDR00033,D1,Rajan Qureshi,7010000001,D4,Sameer Nair,7010000004,2026-01-11 09:10:00,11,sms,0,Hilltop Society
CDR00034,D1,Rajan Qureshi,7010000001,D4,Sameer Nair,7010000004,2026-01-17 12:00:00,17,voice,80,Warehouse District
CDR00035,D1,Rajan Qureshi,7010000001,D4,Sameer Nair,7010000004,2026-01-18 14:32:00,18,voice,568,Old Market Circle
CDR00036,D1,Rajan Qureshi,7010000001,D4,Sameer Nair,7010000004,2026-01-19 16:24:00,19,sms,0,Hilltop Society
CDR00037,D1,Rajan Qureshi,7010000001,D4,Sameer Nair,7010000004,2026-01-22 16:04:00,22,voice,469,Central Junction
CDR00038,D1,Rajan Qureshi,7010000001,D4,Sameer Nair,7010000004,2026-01-25 09:05:00,25,voice,29,Lakeview Chowk
CDR00039,D1,Rajan Qureshi,7010000001,D4,Sameer Nair,7010000004,2026-01-28 12:23:00,28,sms,0,Riverside Colony
CDR00040,D1,Rajan Qureshi,7010000001,D4,Sameer Nair,7010000004,2026-02-09 22:06:00,40,voice,148,Eastgate
CDR00041,D1,Rajan Qureshi,7010000001,D4,Sameer Nair,7010000004,2026-02-15 20:41:00,46,sms,0,Warehouse District
CDR00042,D1,Rajan Qureshi,7010000001,D4,Sameer Nair,7010000004,2026-03-01 08:39:00,60,voice,496,Hilltop Society
CDR00043,D1,Rajan Qureshi,7010000001,D4,Sameer Nair,7010000004,2026-03-04 19:30:00,63,sms,0,Hilltop Society
CDR00044,D1,Rajan Qureshi,7010000001,D4,Sameer Nair,7010000004,2026-03-16 08:04:00,75,voice,215,Warehouse District
CDR00045,D1,Rajan Qureshi,7010000001,D4,Sameer Nair,7010000004,2026-03-17 11:42:00,76,voice,540,Dockside Ward
CDR00046,D1,Rajan Qureshi,7010000001,D4,Sameer Nair,7010000004,2026-03-19 17:25:00,78,voice,206,Dockside Ward
CDR00047,D2,Vivaan Kulkarni,7010000002,D5,Rahul Pathan,7010000005,2026-01-06 14:21:00,6,voice,242,Lakeview Chowk
CDR00048,D2,Vivaan Kulkarni,7010000002,D5,Rahul Pathan,7010000005,2026-01-10 15:40:00,10,sms,0,Riverside Colony
CDR00049,D2,Vivaan Kulkarni,7010000002,D5,Rahul Pathan,7010000005,2026-01-16 14:00:00,16,sms,0,Riverside Colony
CDR00050,D2,Vivaan Kulkarni,7010000002,D5,Rahul Pathan,7010000005,2026-01-17 10:54:00,17,voice,580,Old Market Circle
CDR00051,D2,Vivaan Kulkarni,7010000002,D5,Rahul Pathan,7010000005,2026-01-26 12:20:00,26,voice,193,Eastgate
CDR00052,D2,Vivaan Kulkarni,7010000002,D5,Rahul Pathan,7010000005,2026-01-27 15:27:00,27,sms,0,New Colony
CDR00053,D2,Vivaan Kulkarni,7010000002,D5,Rahul Pathan,7010000005,2026-02-22 16:13:00,53,voice,415,New Colony
CDR00054,D2,Vivaan Kulkarni,7010000002,D5,Rahul Pathan,7010000005,2026-02-28 11:03:00,59,sms,0,North Bypass
CDR00055,D2,Vivaan Kulkarni,7010000002,D5,Rahul Pathan,7010000005,2026-03-18 21:08:00,77,sms,0,Industrial Estate Road
CDR00056,D2,Vivaan Kulkarni,7010000002,D6,Vinod Desai,7010000006,2026-01-07 19:27:00,7,sms,0,Central Junction
CDR00057,D2,Vivaan Kulkarni,7010000002,D6,Vinod Desai,7010000006,2026-01-11 22:24:00,11,voice,564,Dockside Ward
CDR00058,D2,Vivaan Kulkarni,7010000002,D6,Vinod Desai,7010000006,2026-01-14 18:18:00,14,voice,417,Central Junction
CDR00059,D2,Vivaan Kulkarni,7010000002,D6,Vinod Desai,7010000006,2026-01-19 09:44:00,19,sms,0,Station Road
CDR00060,D2,Vivaan Kulkarni,7010000002,D6,Vinod Desai,7010000006,2026-02-27 18:36:00,58,voice,370,Riverside Colony
CDR00061,D2,Vivaan Kulkarni,7010000002,D6,Vinod Desai,7010000006,2026-03-03 11:34:00,62,voice,233,New Colony
CDR00062,D2,Vivaan Kulkarni,7010000002,D6,Vinod Desai,7010000006,2026-03-16 19:47:00,75,voice,126,New Colony
CDR00063,D2,Vivaan Kulkarni,7010000002,D6,Vinod Desai,7010000006,2026-03-20 08:46:00,79,voice,503,New Colony
CDR00064,D2,Vivaan Kulkarni,7010000002,D6,Vinod Desai,7010000006,2026-03-21 17:33:00,80,voice,500,Old Market Circle
CDR00065,D2,Vivaan Kulkarni,7010000002,D13,Shaurya Qureshi,7010000013,2026-01-05 17:53:00,5,voice,140,Industrial Estate Road
CDR00066,D2,Vivaan Kulkarni,7010000002,D13,Shaurya Qureshi,7010000013,2026-01-12 10:36:00,12,sms,0,Industrial Estate Road
CDR00067,D2,Vivaan Kulkarni,7010000002,D13,Shaurya Qureshi,7010000013,2026-01-16 14:46:00,16,voice,332,Industrial Estate Road
CDR00068,D2,Vivaan Kulkarni,7010000002,D13,Shaurya Qureshi,7010000013,2026-01-23 17:32:00,23,voice,582,Riverside Colony
CDR00069,D2,Vivaan Kulkarni,7010000002,D13,Shaurya Qureshi,7010000013,2026-01-31 22:53:00,31,voice,432,Warehouse District
CDR00070,D2,Vivaan Kulkarni,7010000002,D13,Shaurya Qureshi,7010000013,2026-02-15 13:30:00,46,voice,171,North Bypass
CDR00071,D2,Vivaan Kulkarni,7010000002,D13,Shaurya Qureshi,7010000013,2026-02-22 08:54:00,53,voice,600,Dockside Ward
CDR00072,D2,Vivaan Kulkarni,7010000002,D13,Shaurya Qureshi,7010000013,2026-02-23 17:54:00,54,voice,137,Central Junction
CDR00073,D2,Vivaan Kulkarni,7010000002,D13,Shaurya Qureshi,7010000013,2026-03-04 19:08:00,63,voice,544,Industrial Estate Road
CDR00074,D2,Vivaan Kulkarni,7010000002,D13,Shaurya Qureshi,7010000013,2026-03-07 12:08:00,66,voice,343,North Bypass
CDR00075,D2,Vivaan Kulkarni,7010000002,D13,Shaurya Qureshi,7010000013,2026-03-16 09:20:00,75,voice,350,North Bypass
CDR00076,D2,Vivaan Kulkarni,7010000002,D13,Shaurya Qureshi,7010000013,2026-03-18 21:49:00,77,voice,546,North Bypass
CDR00077,D2,Vivaan Kulkarni,7010000002,D13,Shaurya Qureshi,7010000013,2026-03-19 22:00:00,78,voice,339,Eastgate
CDR00078,D2,Vivaan Kulkarni,7010000002,D13,Shaurya Qureshi,7010000013,2026-03-21 20:08:00,80,voice,549,North Bypass
CDR00079,D3,Rajesh Ansari,7010000003,D7,Sameer Pandey,7010000007,2026-01-03 19:50:00,3,voice,187,Industrial Estate Road
CDR00080,D3,Rajesh Ansari,7010000003,D7,Sameer Pandey,7010000007,2026-01-04 16:35:00,4,sms,0,Riverside Colony
CDR00081,D3,Rajesh Ansari,7010000003,D7,Sameer Pandey,7010000007,2026-01-18 21:17:00,18,sms,0,Eastgate
CDR00082,D3,Rajesh Ansari,7010000003,D7,Sameer Pandey,7010000007,2026-01-26 11:59:00,26,voice,408,Hilltop Society
CDR00083,D3,Rajesh Ansari,7010000003,D7,Sameer Pandey,7010000007,2026-02-01 09:05:00,32,sms,0,Riverside Colony
CDR00084,D3,Rajesh Ansari,7010000003,D7,Sameer Pandey,7010000007,2026-02-12 15:51:00,43,voice,374,Central Junction
CDR00085,D3,Rajesh Ansari,7010000003,D7,Sameer Pandey,7010000007,2026-02-15 12:48:00,46,voice,355,New Colony
CDR00086,D3,Rajesh Ansari,7010000003,D7,Sameer Pandey,7010000007,2026-02-16 15:54:00,47,sms,0,Lakeview Chowk
CDR00087,D3,Rajesh Ansari,7010000003,D7,Sameer Pandey,7010000007,2026-03-27 10:38:00,86,voice,387,Central Junction
CDR00088,D3,Rajesh Ansari,7010000003,D8,Vinod Kapoor,7010000008,2026-01-07 09:42:00,7,sms,0,Riverside Colony
CDR00089,D3,Rajesh Ansari,7010000003,D8,Vinod Kapoor,7010000008,2026-01-11 18:00:00,11,voice,382,Dockside Ward
CDR00090,D3,Rajesh Ansari,7010000003,D8,Vinod Kapoor,7010000008,2026-02-06 18:56:00,37,voice,246,Industrial Estate Road
CDR00091,D3,Rajesh Ansari,7010000003,D8,Vinod Kapoor,7010000008,2026-02-10 07:29:00,41,voice,330,Hilltop Society
CDR00092,D3,Rajesh Ansari,7010000003,D8,Vinod Kapoor,7010000008,2026-02-15 19:25:00,46,sms,0,Warehouse District
CDR00093,D3,Rajesh Ansari,7010000003,D8,Vinod Kapoor,7010000008,2026-02-20 19:05:00,51,sms,0,Station Road
CDR00094,D3,Rajesh Ansari,7010000003,D8,Vinod Kapoor,7010000008,2026-02-28 13:03:00,59,voice,459,North Bypass
CDR00095,D3,Rajesh Ansari,7010000003,D8,Vinod Kapoor,7010000008,2026-03-01 09:31:00,60,sms,0,Lakeview Chowk
CDR00096,D3,Rajesh Ansari,7010000003,D8,Vinod Kapoor,7010000008,2026-03-05 19:52:00,64,voice,446,Hilltop Society
CDR00097,D3,Rajesh Ansari,7010000003,D8,Vinod Kapoor,7010000008,2026-03-07 17:50:00,66,voice,28,Hilltop Society
CDR00098,D3,Rajesh Ansari,7010000003,D8,Vinod Kapoor,7010000008,2026-03-10 16:49:00,69,voice,526,Central Junction
CDR00099,D3,Rajesh Ansari,7010000003,D8,Vinod Kapoor,7010000008,2026-03-17 07:57:00,76,voice,226,Station Road
CDR00100,D3,Rajesh Ansari,7010000003,D8,Vinod Kapoor,7010000008,2026-03-22 22:19:00,81,voice,172,New Colony
CDR00101,D3,Rajesh Ansari,7010000003,D8,Vinod Kapoor,7010000008,2026-03-27 09:03:00,86,sms,0,Dockside Ward
CDR00102,D3,Rajesh Ansari,7010000003,D8,Vinod Kapoor,7010000008,2026-03-28 21:27:00,87,voice,501,Station Road
CDR00103,D3,Rajesh Ansari,7010000003,D14,Anwar Chavan,7010000014,2026-01-09 22:40:00,9,voice,163,North Bypass
CDR00104,D3,Rajesh Ansari,7010000003,D14,Anwar Chavan,7010000014,2026-01-15 18:46:00,15,voice,58,Hilltop Society
CDR00105,D3,Rajesh Ansari,7010000003,D14,Anwar Chavan,7010000014,2026-01-22 11:05:00,22,sms,0,Warehouse District
CDR00106,D3,Rajesh Ansari,7010000003,D14,Anwar Chavan,7010000014,2026-02-09 18:14:00,40,voice,98,North Bypass
CDR00107,D3,Rajesh Ansari,7010000003,D14,Anwar Chavan,7010000014,2026-02-11 12:11:00,42,voice,487,Old Market Circle
CDR00108,D3,Rajesh Ansari,7010000003,D14,Anwar Chavan,7010000014,2026-02-20 11:23:00,51,sms,0,Central Junction
CDR00109,D3,Rajesh Ansari,7010000003,D14,Anwar Chavan,7010000014,2026-02-23 23:18:00,54,voice,509,Central Junction
CDR00110,D3,Rajesh Ansari,7010000003,D14,Anwar Chavan,7010000014,2026-03-08 13:51:00,67,voice,598,Station Road
CDR00111,D3,Rajesh Ansari,7010000003,D14,Anwar Chavan,7010000014,2026-03-28 10:37:00,87,sms,0,New Colony
CDR00112,D3,Rajesh Ansari,7010000003,D14,Anwar Chavan,7010000014,2026-03-29 13:15:00,88,voice,114,Old Market Circle
CDR00113,D4,Sameer Nair,7010000004,D9,Kavita Baig,7010000009,2026-02-04 09:11:00,35,sms,0,Old Market Circle
CDR00114,D4,Sameer Nair,7010000004,D9,Kavita Baig,7010000009,2026-02-21 16:46:00,52,voice,276,Hilltop Society
CDR00115,D4,Sameer Nair,7010000004,D9,Kavita Baig,7010000009,2026-02-25 21:12:00,56,voice,258,Dockside Ward
CDR00116,D4,Sameer Nair,7010000004,D9,Kavita Baig,7010000009,2026-03-11 21:38:00,70,voice,237,New Colony
CDR00117,D4,Sameer Nair,7010000004,D9,Kavita Baig,7010000009,2026-03-18 11:18:00,77,sms,0,Central Junction
CDR00118,D4,Sameer Nair,7010000004,D9,Kavita Baig,7010000009,2026-03-19 08:17:00,78,sms,0,Warehouse District
CDR00119,D4,Sameer Nair,7010000004,D9,Kavita Baig,7010000009,2026-03-21 11:49:00,80,voice,164,Warehouse District
CDR00120,D4,Sameer Nair,7010000004,D9,Kavita Baig,7010000009,2026-03-24 23:33:00,83,voice,401,Hilltop Society
CDR00121,D4,Sameer Nair,7010000004,D9,Kavita Baig,7010000009,2026-03-31 14:14:00,90,voice,511,Hilltop Society
CDR00122,D4,Sameer Nair,7010000004,D10,Veer Gaikwad,7010000010,2026-01-02 08:30:00,2,voice,528,Industrial Estate Road
CDR00123,D4,Sameer Nair,7010000004,D10,Veer Gaikwad,7010000010,2026-01-04 17:33:00,4,voice,368,New Colony
CDR00124,D4,Sameer Nair,7010000004,D10,Veer Gaikwad,7010000010,2026-01-16 21:02:00,16,voice,414,Dockside Ward
CDR00125,D4,Sameer Nair,7010000004,D10,Veer Gaikwad,7010000010,2026-01-25 23:55:00,25,sms,0,New Colony
CDR00126,D4,Sameer Nair,7010000004,D10,Veer Gaikwad,7010000010,2026-01-31 16:37:00,31,voice,205,Eastgate
CDR00127,D4,Sameer Nair,7010000004,D10,Veer Gaikwad,7010000010,2026-02-07 23:48:00,38,voice,120,Station Road
CDR00128,D4,Sameer Nair,7010000004,D10,Veer Gaikwad,7010000010,2026-02-22 07:20:00,53,voice,360,Dockside Ward
CDR00129,D4,Sameer Nair,7010000004,D10,Veer Gaikwad,7010000010,2026-02-23 11:26:00,54,sms,0,North Bypass
CDR00130,D4,Sameer Nair,7010000004,D10,Veer Gaikwad,7010000010,2026-03-09 20:43:00,68,voice,351,Riverside Colony
CDR00131,D4,Sameer Nair,7010000004,D10,Veer Gaikwad,7010000010,2026-03-18 12:21:00,77,sms,0,Old Market Circle
CDR00132,D4,Sameer Nair,7010000004,D10,Veer Gaikwad,7010000010,2026-03-19 08:36:00,78,voice,92,Lakeview Chowk
CDR00133,D4,Sameer Nair,7010000004,D10,Veer Gaikwad,7010000010,2026-03-21 07:00:00,80,voice,227,North Bypass
CDR00134,D4,Sameer Nair,7010000004,D10,Veer Gaikwad,7010000010,2026-03-26 10:55:00,85,voice,546,Central Junction
CDR00135,D4,Sameer Nair,7010000004,D15,Meena Desai,7010000015,2026-01-19 09:31:00,19,sms,0,Riverside Colony
CDR00136,D4,Sameer Nair,7010000004,D15,Meena Desai,7010000015,2026-01-20 19:28:00,20,sms,0,Lakeview Chowk
CDR00137,D4,Sameer Nair,7010000004,D15,Meena Desai,7010000015,2026-01-23 21:52:00,23,voice,584,Riverside Colony
CDR00138,D4,Sameer Nair,7010000004,D15,Meena Desai,7010000015,2026-01-28 19:48:00,28,voice,279,Lakeview Chowk
CDR00139,D4,Sameer Nair,7010000004,D15,Meena Desai,7010000015,2026-01-29 16:44:00,29,voice,264,New Colony
CDR00140,D4,Sameer Nair,7010000004,D15,Meena Desai,7010000015,2026-02-10 13:40:00,41,voice,418,Station Road
CDR00141,D4,Sameer Nair,7010000004,D15,Meena Desai,7010000015,2026-02-14 19:50:00,45,voice,102,Central Junction
CDR00142,D4,Sameer Nair,7010000004,D15,Meena Desai,7010000015,2026-02-15 14:41:00,46,voice,591,Dockside Ward
CDR00143,D4,Sameer Nair,7010000004,D15,Meena Desai,7010000015,2026-02-17 16:17:00,48,voice,292,Riverside Colony
CDR00144,D4,Sameer Nair,7010000004,D15,Meena Desai,7010000015,2026-02-28 23:08:00,59,sms,0,Hilltop Society
CDR00145,D4,Sameer Nair,7010000004,D15,Meena Desai,7010000015,2026-03-13 21:16:00,72,voice,70,Dockside Ward
CDR00146,D4,Sameer Nair,7010000004,D15,Meena Desai,7010000015,2026-03-23 20:50:00,82,voice,285,Old Market Circle
CDR00147,D5,Rahul Pathan,7010000005,D6,Vinod Desai,7010000006,2026-01-02 15:51:00,2,voice,547,Lakeview Chowk
CDR00148,D5,Rahul Pathan,7010000005,D6,Vinod Desai,7010000006,2026-01-11 14:41:00,11,voice,321,Station Road
CDR00149,D5,Rahul Pathan,7010000005,D6,Vinod Desai,7010000006,2026-01-17 14:16:00,17,voice,561,Riverside Colony
CDR00150,D5,Rahul Pathan,7010000005,D6,Vinod Desai,7010000006,2026-02-01 11:00:00,32,sms,0,Central Junction
CDR00151,D5,Rahul Pathan,7010000005,D6,Vinod Desai,7010000006,2026-02-02 17:57:00,33,sms,0,New Colony
CDR00152,D5,Rahul Pathan,7010000005,D6,Vinod Desai,7010000006,2026-02-11 07:55:00,42,voice,384,Dockside Ward
CDR00153,D5,Rahul Pathan,7010000005,D6,Vinod Desai,7010000006,2026-02-13 21:33:00,44,sms,0,Central Junction
CDR00154,D5,Rahul Pathan,7010000005,D6,Vinod Desai,7010000006,2026-03-08 14:27:00,67,voice,236,Station Road
CDR00155,D5,Rahul Pathan,7010000005,D6,Vinod Desai,7010000006,2026-03-20 21:11:00,79,sms,0,North Bypass
CDR00156,D7,Sameer Pandey,7010000007,D8,Vinod Kapoor,7010000008,2026-01-04 11:24:00,4,sms,0,Eastgate
CDR00157,D7,Sameer Pandey,7010000007,D8,Vinod Kapoor,7010000008,2026-01-07 12:16:00,7,voice,183,Old Market Circle
CDR00158,D7,Sameer Pandey,7010000007,D8,Vinod Kapoor,7010000008,2026-01-19 07:55:00,19,voice,274,Industrial Estate Road
CDR00159,D7,Sameer Pandey,7010000007,D8,Vinod Kapoor,7010000008,2026-01-22 11:52:00,22,voice,46,New Colony
CDR00160,D7,Sameer Pandey,7010000007,D8,Vinod Kapoor,7010000008,2026-01-30 08:11:00,30,voice,99,Warehouse District
CDR00161,D7,Sameer Pandey,7010000007,D8,Vinod Kapoor,7010000008,2026-02-06 08:58:00,37,voice,32,Eastgate
CDR00162,D7,Sameer Pandey,7010000007,D8,Vinod Kapoor,7010000008,2026-02-28 17:25:00,59,sms,0,Old Market Circle
CDR00163,D7,Sameer Pandey,7010000007,D8,Vinod Kapoor,7010000008,2026-03-15 11:33:00,74,voice,24,North Bypass
CDR00164,D7,Sameer Pandey,7010000007,D8,Vinod Kapoor,7010000008,2026-03-23 21:46:00,82,voice,172,Riverside Colony
CDR00165,D7,Sameer Pandey,7010000007,D8,Vinod Kapoor,7010000008,2026-03-24 12:30:00,83,voice,391,Lakeview Chowk
CDR00166,D7,Sameer Pandey,7010000007,D8,Vinod Kapoor,7010000008,2026-03-27 10:12:00,86,sms,0,Eastgate
CDR00167,D11,Pooja Reddy,7010000011,D5,Rahul Pathan,7010000005,2026-01-12 11:09:00,12,voice,361,Warehouse District
CDR00168,D11,Pooja Reddy,7010000011,D5,Rahul Pathan,7010000005,2026-01-20 14:19:00,20,sms,0,Hilltop Society
CDR00169,D11,Pooja Reddy,7010000011,D5,Rahul Pathan,7010000005,2026-01-29 16:02:00,29,voice,196,Station Road
CDR00170,D11,Pooja Reddy,7010000011,D5,Rahul Pathan,7010000005,2026-02-01 14:17:00,32,voice,112,Riverside Colony
CDR00171,D11,Pooja Reddy,7010000011,D5,Rahul Pathan,7010000005,2026-02-09 07:33:00,40,voice,62,Dockside Ward
CDR00172,D11,Pooja Reddy,7010000011,D5,Rahul Pathan,7010000005,2026-02-11 20:07:00,42,voice,571,Industrial Estate Road
CDR00173,D11,Pooja Reddy,7010000011,D5,Rahul Pathan,7010000005,2026-02-14 12:37:00,45,voice,102,Riverside Colony
CDR00174,D11,Pooja Reddy,7010000011,D5,Rahul Pathan,7010000005,2026-02-17 10:51:00,48,sms,0,Eastgate
CDR00175,D11,Pooja Reddy,7010000011,D5,Rahul Pathan,7010000005,2026-02-18 17:07:00,49,voice,136,Riverside Colony
CDR00176,D11,Pooja Reddy,7010000011,D5,Rahul Pathan,7010000005,2026-02-25 07:01:00,56,voice,483,North Bypass
CDR00177,D11,Pooja Reddy,7010000011,D5,Rahul Pathan,7010000005,2026-03-04 21:56:00,63,voice,438,Warehouse District
CDR00178,D11,Pooja Reddy,7010000011,D5,Rahul Pathan,7010000005,2026-03-09 19:37:00,68,voice,114,Riverside Colony
CDR00179,D11,Pooja Reddy,7010000011,D5,Rahul Pathan,7010000005,2026-03-12 20:19:00,71,sms,0,Station Road
CDR00180,D11,Pooja Reddy,7010000011,D5,Rahul Pathan,7010000005,2026-03-14 18:53:00,73,voice,536,New Colony
CDR00181,D11,Pooja Reddy,7010000011,D5,Rahul Pathan,7010000005,2026-03-18 23:18:00,77,voice,110,Eastgate
CDR00182,D11,Pooja Reddy,7010000011,D5,Rahul Pathan,7010000005,2026-03-28 18:45:00,87,voice,75,North Bypass
CDR00183,D12,Sanjay Surve,7010000012,D7,Sameer Pandey,7010000007,2026-01-05 19:55:00,5,voice,456,New Colony
CDR00184,D12,Sanjay Surve,7010000012,D7,Sameer Pandey,7010000007,2026-01-08 19:37:00,8,voice,465,Old Market Circle
CDR00185,D12,Sanjay Surve,7010000012,D7,Sameer Pandey,7010000007,2026-01-13 10:28:00,13,sms,0,Warehouse District
CDR00186,D12,Sanjay Surve,7010000012,D7,Sameer Pandey,7010000007,2026-01-14 22:08:00,14,voice,250,Industrial Estate Road
CDR00187,D12,Sanjay Surve,7010000012,D7,Sameer Pandey,7010000007,2026-01-21 16:36:00,21,sms,0,Central Junction
CDR00188,D12,Sanjay Surve,7010000012,D7,Sameer Pandey,7010000007,2026-01-24 09:44:00,24,voice,255,Hilltop Society
CDR00189,D12,Sanjay Surve,7010000012,D7,Sameer Pandey,7010000007,2026-02-05 17:20:00,36,sms,0,North Bypass
CDR00190,D12,Sanjay Surve,7010000012,D7,Sameer Pandey,7010000007,2026-02-19 18:06:00,50,voice,192,Dockside Ward
CDR00191,D12,Sanjay Surve,7010000012,D7,Sameer Pandey,7010000007,2026-03-07 12:31:00,66,voice,256,New Colony
CDR00192,D12,Sanjay Surve,7010000012,D7,Sameer Pandey,7010000007,2026-03-13 21:41:00,72,sms,0,Riverside Colony
CDR00193,E1,Divya Reddy,7010000025,E2,Tushar Mishra,7010000026,2026-01-14 21:20:00,14,sms,0,Old Market Circle
CDR00194,E1,Divya Reddy,7010000025,E2,Tushar Mishra,7010000026,2026-01-25 18:48:00,25,voice,483,Old Market Circle
CDR00195,E1,Divya Reddy,7010000025,E2,Tushar Mishra,7010000026,2026-02-15 11:17:00,46,voice,549,Warehouse District
CDR00196,E1,Divya Reddy,7010000025,E2,Tushar Mishra,7010000026,2026-02-17 09:23:00,48,voice,61,Hilltop Society
CDR00197,E1,Divya Reddy,7010000025,E2,Tushar Mishra,7010000026,2026-02-23 16:24:00,54,voice,539,Eastgate
CDR00198,E1,Divya Reddy,7010000025,E2,Tushar Mishra,7010000026,2026-02-24 20:37:00,55,voice,242,New Colony
CDR00199,E1,Divya Reddy,7010000025,E2,Tushar Mishra,7010000026,2026-03-01 12:42:00,60,voice,534,Old Market Circle
CDR00200,E1,Divya Reddy,7010000025,E2,Tushar Mishra,7010000026,2026-03-03 22:43:00,62,voice,428,North Bypass
CDR00201,E1,Divya Reddy,7010000025,E2,Tushar Mishra,7010000026,2026-03-09 18:01:00,68,voice,474,Station Road
CDR00202,E1,Divya Reddy,7010000025,E2,Tushar Mishra,7010000026,2026-03-22 08:36:00,81,voice,236,Eastgate
CDR00203,E1,Divya Reddy,7010000025,E2,Tushar Mishra,7010000026,2026-03-31 22:58:00,90,voice,77,Eastgate
CDR00204,E1,Divya Reddy,7010000025,E3,Rajan Mishra,7010000027,2026-01-03 15:41:00,3,voice,284,Riverside Colony
CDR00205,E1,Divya Reddy,7010000025,E3,Rajan Mishra,7010000027,2026-01-05 07:19:00,5,voice,42,Riverside Colony
CDR00206,E1,Divya Reddy,7010000025,E3,Rajan Mishra,7010000027,2026-01-06 12:07:00,6,voice,454,Old Market Circle
CDR00207,E1,Divya Reddy,7010000025,E3,Rajan Mishra,7010000027,2026-01-17 14:58:00,17,voice,474,Dockside Ward
CDR00208,E1,Divya Reddy,7010000025,E3,Rajan Mishra,7010000027,2026-01-19 15:49:00,19,voice,486,Old Market Circle
CDR00209,E1,Divya Reddy,7010000025,E3,Rajan Mishra,7010000027,2026-01-23 07:02:00,23,voice,393,Central Junction
CDR00210,E1,Divya Reddy,7010000025,E3,Rajan Mishra,7010000027,2026-02-06 11:20:00,37,sms,0,Dockside Ward
CDR00211,E1,Divya Reddy,7010000025,E3,Rajan Mishra,7010000027,2026-02-12 19:12:00,43,sms,0,Station Road
CDR00212,E1,Divya Reddy,7010000025,E3,Rajan Mishra,7010000027,2026-02-21 22:18:00,52,voice,128,Warehouse District
CDR00213,E1,Divya Reddy,7010000025,E3,Rajan Mishra,7010000027,2026-02-26 20:23:00,57,voice,153,Central Junction
CDR00214,E1,Divya Reddy,7010000025,E3,Rajan Mishra,7010000027,2026-03-02 17:24:00,61,sms,0,Industrial Estate Road
CDR00215,E1,Divya Reddy,7010000025,E3,Rajan Mishra,7010000027,2026-03-08 08:11:00,67,voice,79,Station Road
CDR00216,E1,Divya Reddy,7010000025,E3,Rajan Mishra,7010000027,2026-03-19 18:15:00,78,voice,475,Eastgate
CDR00217,E1,Divya Reddy,7010000025,E3,Rajan Mishra,7010000027,2026-03-26 13:39:00,85,voice,368,Industrial Estate Road
CDR00218,E1,Divya Reddy,7010000025,E3,Rajan Mishra,7010000027,2026-03-30 21:58:00,89,sms,0,Riverside Colony
CDR00219,E1,Divya Reddy,7010000025,E3,Rajan Mishra,7010000027,2026-03-31 12:50:00,90,sms,0,Eastgate
CDR00220,E1,Divya Reddy,7010000025,E4,Sneha Reddy,7010000028,2026-01-11 21:44:00,11,voice,588,Old Market Circle
CDR00221,E1,Divya Reddy,7010000025,E4,Sneha Reddy,7010000028,2026-01-16 12:31:00,16,voice,66,Hilltop Society
CDR00222,E1,Divya Reddy,7010000025,E4,Sneha Reddy,7010000028,2026-01-28 15:11:00,28,sms,0,Riverside Colony
CDR00223,E1,Divya Reddy,7010000025,E4,Sneha Reddy,7010000028,2026-02-09 08:03:00,40,voice,188,Station Road
CDR00224,E1,Divya Reddy,7010000025,E4,Sneha Reddy,7010000028,2026-03-13 21:12:00,72,voice,159,Riverside Colony
CDR00225,E1,Divya Reddy,7010000025,E4,Sneha Reddy,7010000028,2026-03-14 12:02:00,73,sms,0,New Colony
CDR00226,E1,Divya Reddy,7010000025,E4,Sneha Reddy,7010000028,2026-03-17 21:45:00,76,voice,261,Eastgate
CDR00227,E1,Divya Reddy,7010000025,E4,Sneha Reddy,7010000028,2026-03-30 22:30:00,89,voice,540,Old Market Circle
CDR00228,E1,Divya Reddy,7010000025,E4,Sneha Reddy,7010000028,2026-03-31 22:40:00,90,voice,522,Industrial Estate Road
CDR00229,E2,Tushar Mishra,7010000026,E5,Imran Shah,7010000029,2026-01-13 11:46:00,13,voice,314,Lakeview Chowk
CDR00230,E2,Tushar Mishra,7010000026,E5,Imran Shah,7010000029,2026-01-24 22:10:00,24,voice,60,Riverside Colony
CDR00231,E2,Tushar Mishra,7010000026,E5,Imran Shah,7010000029,2026-01-31 15:21:00,31,voice,531,Central Junction
CDR00232,E2,Tushar Mishra,7010000026,E5,Imran Shah,7010000029,2026-02-15 13:02:00,46,voice,130,New Colony
CDR00233,E2,Tushar Mishra,7010000026,E5,Imran Shah,7010000029,2026-02-16 14:54:00,47,voice,471,Lakeview Chowk
CDR00234,E2,Tushar Mishra,7010000026,E5,Imran Shah,7010000029,2026-03-04 09:25:00,63,voice,145,North Bypass
CDR00235,E2,Tushar Mishra,7010000026,E5,Imran Shah,7010000029,2026-03-14 09:09:00,73,voice,98,Eastgate
CDR00236,E2,Tushar Mishra,7010000026,E5,Imran Shah,7010000029,2026-03-15 07:02:00,74,voice,158,Station Road
CDR00237,E2,Tushar Mishra,7010000026,E5,Imran Shah,7010000029,2026-03-23 19:50:00,82,voice,446,Industrial Estate Road
CDR00238,E2,Tushar Mishra,7010000026,E6,Javed Kamble,7010000030,2026-01-06 12:06:00,6,voice,174,Dockside Ward
CDR00239,E2,Tushar Mishra,7010000026,E6,Javed Kamble,7010000030,2026-01-08 19:57:00,8,sms,0,Station Road
CDR00240,E2,Tushar Mishra,7010000026,E6,Javed Kamble,7010000030,2026-01-15 07:06:00,15,voice,325,Warehouse District
CDR00241,E2,Tushar Mishra,7010000026,E6,Javed Kamble,7010000030,2026-01-16 14:31:00,16,voice,435,New Colony
CDR00242,E2,Tushar Mishra,7010000026,E6,Javed Kamble,7010000030,2026-01-22 19:29:00,22,voice,142,New Colony
CDR00243,E2,Tushar Mishra,7010000026,E6,Javed Kamble,7010000030,2026-02-20 16:27:00,51,voice,444,Central Junction
CDR00244,E2,Tushar Mishra,7010000026,E6,Javed Kamble,7010000030,2026-02-22 22:13:00,53,sms,0,Central Junction
CDR00245,E2,Tushar Mishra,7010000026,E6,Javed Kamble,7010000030,2026-02-23 11:22:00,54,sms,0,Central Junction
CDR00246,E2,Tushar Mishra,7010000026,E6,Javed Kamble,7010000030,2026-02-27 21:54:00,58,voice,379,Eastgate
CDR00247,E2,Tushar Mishra,7010000026,E6,Javed Kamble,7010000030,2026-03-01 14:46:00,60,sms,0,New Colony
CDR00248,E2,Tushar Mishra,7010000026,E6,Javed Kamble,7010000030,2026-03-11 11:06:00,70,voice,168,Lakeview Chowk
CDR00249,E2,Tushar Mishra,7010000026,E6,Javed Kamble,7010000030,2026-03-15 22:24:00,74,voice,49,Dockside Ward
CDR00250,E2,Tushar Mishra,7010000026,E6,Javed Kamble,7010000030,2026-03-18 17:14:00,77,voice,213,Eastgate
CDR00251,E2,Tushar Mishra,7010000026,E6,Javed Kamble,7010000030,2026-03-24 21:06:00,83,sms,0,North Bypass
CDR00252,E2,Tushar Mishra,7010000026,E6,Javed Kamble,7010000030,2026-03-31 12:59:00,90,voice,475,Riverside Colony
CDR00253,E2,Tushar Mishra,7010000026,E13,Kiran Sinha,7010000037,2026-01-02 08:00:00,2,voice,296,Warehouse District
CDR00254,E2,Tushar Mishra,7010000026,E13,Kiran Sinha,7010000037,2026-01-04 22:14:00,4,voice,450,New Colony
CDR00255,E2,Tushar Mishra,7010000026,E13,Kiran Sinha,7010000037,2026-01-29 13:35:00,29,voice,122,North Bypass
CDR00256,E2,Tushar Mishra,7010000026,E13,Kiran Sinha,7010000037,2026-02-04 22:01:00,35,sms,0,Dockside Ward
CDR00257,E2,Tushar Mishra,7010000026,E13,Kiran Sinha,7010000037,2026-02-07 14:19:00,38,voice,86,Central Junction
CDR00258,E2,Tushar Mishra,7010000026,E13,Kiran Sinha,7010000037,2026-02-18 08:46:00,49,voice,521,Industrial Estate Road
CDR00259,E2,Tushar Mishra,7010000026,E13,Kiran Sinha,7010000037,2026-02-24 20:56:00,55,voice,323,Riverside Colony
CDR00260,E2,Tushar Mishra,7010000026,E13,Kiran Sinha,7010000037,2026-02-27 12:20:00,58,voice,595,Dockside Ward
CDR00261,E2,Tushar Mishra,7010000026,E13,Kiran Sinha,7010000037,2026-03-03 07:40:00,62,voice,158,North Bypass
CDR00262,E2,Tushar Mishra,7010000026,E13,Kiran Sinha,7010000037,2026-03-16 22:39:00,75,voice,472,North Bypass
CDR00263,E2,Tushar Mishra,7010000026,E13,Kiran Sinha,7010000037,2026-03-23 07:03:00,82,voice,521,Station Road
CDR00264,E2,Tushar Mishra,7010000026,E13,Kiran Sinha,7010000037,2026-03-27 20:01:00,86,voice,288,Dockside Ward
CDR00265,E3,Rajan Mishra,7010000027,E7,Gautam Salunkhe,7010000031,2026-01-02 16:38:00,2,voice,147,Old Market Circle
CDR00266,E3,Rajan Mishra,7010000027,E7,Gautam Salunkhe,7010000031,2026-01-05 23:01:00,5,voice,295,Old Market Circle
CDR00267,E3,Rajan Mishra,7010000027,E7,Gautam Salunkhe,7010000031,2026-01-14 10:53:00,14,sms,0,Eastgate
CDR00268,E3,Rajan Mishra,7010000027,E7,Gautam Salunkhe,7010000031,2026-01-16 09:33:00,16,sms,0,Riverside Colony
CDR00269,E3,Rajan Mishra,7010000027,E7,Gautam Salunkhe,7010000031,2026-01-26 22:38:00,26,voice,153,Industrial Estate Road
CDR00270,E3,Rajan Mishra,7010000027,E7,Gautam Salunkhe,7010000031,2026-01-29 18:45:00,29,voice,555,Hilltop Society
CDR00271,E3,Rajan Mishra,7010000027,E7,Gautam Salunkhe,7010000031,2026-01-31 10:08:00,31,voice,243,Eastgate
CDR00272,E3,Rajan Mishra,7010000027,E7,Gautam Salunkhe,7010000031,2026-02-15 21:22:00,46,voice,335,Lakeview Chowk
CDR00273,E3,Rajan Mishra,7010000027,E7,Gautam Salunkhe,7010000031,2026-02-21 10:27:00,52,voice,237,Lakeview Chowk
CDR00274,E3,Rajan Mishra,7010000027,E7,Gautam Salunkhe,7010000031,2026-02-25 17:17:00,56,voice,32,Hilltop Society
CDR00275,E3,Rajan Mishra,7010000027,E7,Gautam Salunkhe,7010000031,2026-03-05 13:38:00,64,voice,242,Station Road
CDR00276,E3,Rajan Mishra,7010000027,E7,Gautam Salunkhe,7010000031,2026-03-07 14:31:00,66,voice,586,Eastgate
CDR00277,E3,Rajan Mishra,7010000027,E7,Gautam Salunkhe,7010000031,2026-03-08 17:51:00,67,sms,0,Lakeview Chowk
CDR00278,E3,Rajan Mishra,7010000027,E8,Arjun Shah,7010000032,2026-01-01 07:11:00,1,voice,439,Lakeview Chowk
CDR00279,E3,Rajan Mishra,7010000027,E8,Arjun Shah,7010000032,2026-01-03 12:32:00,3,sms,0,Dockside Ward
CDR00280,E3,Rajan Mishra,7010000027,E8,Arjun Shah,7010000032,2026-01-21 07:55:00,21,voice,581,North Bypass
CDR00281,E3,Rajan Mishra,7010000027,E8,Arjun Shah,7010000032,2026-01-24 11:44:00,24,sms,0,Industrial Estate Road
CDR00282,E3,Rajan Mishra,7010000027,E8,Arjun Shah,7010000032,2026-01-30 14:03:00,30,voice,57,Hilltop Society
CDR00283,E3,Rajan Mishra,7010000027,E8,Arjun Shah,7010000032,2026-02-05 15:23:00,36,sms,0,Eastgate
CDR00284,E3,Rajan Mishra,7010000027,E8,Arjun Shah,7010000032,2026-02-18 12:07:00,49,voice,157,Warehouse District
CDR00285,E3,Rajan Mishra,7010000027,E8,Arjun Shah,7010000032,2026-02-26 14:06:00,57,voice,33,Central Junction
CDR00286,E3,Rajan Mishra,7010000027,E8,Arjun Shah,7010000032,2026-03-02 17:57:00,61,voice,497,New Colony
CDR00287,E3,Rajan Mishra,7010000027,E8,Arjun Shah,7010000032,2026-03-08 13:16:00,67,voice,302,Station Road
CDR00288,E3,Rajan Mishra,7010000027,E8,Arjun Shah,7010000032,2026-03-19 20:56:00,78,sms,0,Station Road
CDR00289,E3,Rajan Mishra,7010000027,E8,Arjun Shah,7010000032,2026-03-22 13:14:00,81,voice,156,Industrial Estate Road
CDR00290,E3,Rajan Mishra,7010000027,E8,Arjun Shah,7010000032,2026-03-23 19:57:00,82,voice,91,Old Market Circle
CDR00291,E3,Rajan Mishra,7010000027,E8,Arjun Shah,7010000032,2026-03-26 18:36:00,85,voice,385,Station Road
CDR00292,E3,Rajan Mishra,7010000027,E8,Arjun Shah,7010000032,2026-03-28 18:07:00,87,voice,70,Dockside Ward
CDR00293,E3,Rajan Mishra,7010000027,E14,Dinesh Pillai,7010000038,2026-01-05 12:11:00,5,voice,464,Central Junction
CDR00294,E3,Rajan Mishra,7010000027,E14,Dinesh Pillai,7010000038,2026-01-07 10:44:00,7,sms,0,Warehouse District
CDR00295,E3,Rajan Mishra,7010000027,E14,Dinesh Pillai,7010000038,2026-01-13 14:09:00,13,voice,217,North Bypass
CDR00296,E3,Rajan Mishra,7010000027,E14,Dinesh Pillai,7010000038,2026-01-15 19:46:00,15,voice,549,Station Road
CDR00297,E3,Rajan Mishra,7010000027,E14,Dinesh Pillai,7010000038,2026-01-24 18:58:00,24,voice,555,Dockside Ward
CDR00298,E3,Rajan Mishra,7010000027,E14,Dinesh Pillai,7010000038,2026-01-27 07:32:00,27,voice,193,Central Junction
CDR00299,E3,Rajan Mishra,7010000027,E14,Dinesh Pillai,7010000038,2026-01-30 14:42:00,30,voice,514,Central Junction
CDR00300,E3,Rajan Mishra,7010000027,E14,Dinesh Pillai,7010000038,2026-02-04 07:03:00,35,sms,0,Old Market Circle
CDR00301,E3,Rajan Mishra,7010000027,E14,Dinesh Pillai,7010000038,2026-02-11 13:33:00,42,voice,399,Station Road
CDR00302,E3,Rajan Mishra,7010000027,E14,Dinesh Pillai,7010000038,2026-03-07 14:42:00,66,voice,345,Warehouse District
CDR00303,E3,Rajan Mishra,7010000027,E14,Dinesh Pillai,7010000038,2026-03-08 16:38:00,67,voice,41,Riverside Colony
CDR00304,E3,Rajan Mishra,7010000027,E14,Dinesh Pillai,7010000038,2026-03-15 18:39:00,74,voice,294,Riverside Colony
CDR00305,E3,Rajan Mishra,7010000027,E14,Dinesh Pillai,7010000038,2026-03-26 13:47:00,85,voice,35,Station Road
CDR00306,E3,Rajan Mishra,7010000027,E14,Dinesh Pillai,7010000038,2026-03-29 18:34:00,88,voice,119,Central Junction
CDR00307,E4,Sneha Reddy,7010000028,E9,Rohan Malik,7010000033,2026-01-05 10:56:00,5,voice,587,Warehouse District
CDR00308,E4,Sneha Reddy,7010000028,E9,Rohan Malik,7010000033,2026-01-06 22:32:00,6,voice,373,Industrial Estate Road
CDR00309,E4,Sneha Reddy,7010000028,E9,Rohan Malik,7010000033,2026-01-17 09:39:00,17,voice,45,Station Road
CDR00310,E4,Sneha Reddy,7010000028,E9,Rohan Malik,7010000033,2026-01-19 22:22:00,19,voice,384,Hilltop Society
CDR00311,E4,Sneha Reddy,7010000028,E9,Rohan Malik,7010000033,2026-01-22 08:42:00,22,sms,0,Station Road
CDR00312,E4,Sneha Reddy,7010000028,E9,Rohan Malik,7010000033,2026-01-31 22:52:00,31,sms,0,Hilltop Society
CDR00313,E4,Sneha Reddy,7010000028,E9,Rohan Malik,7010000033,2026-02-01 12:17:00,32,voice,249,Industrial Estate Road
CDR00314,E4,Sneha Reddy,7010000028,E9,Rohan Malik,7010000033,2026-02-09 18:03:00,40,sms,0,Dockside Ward
CDR00315,E4,Sneha Reddy,7010000028,E9,Rohan Malik,7010000033,2026-02-23 13:12:00,54,sms,0,New Colony
CDR00316,E4,Sneha Reddy,7010000028,E9,Rohan Malik,7010000033,2026-02-24 23:01:00,55,voice,157,Dockside Ward
CDR00317,E4,Sneha Reddy,7010000028,E9,Rohan Malik,7010000033,2026-02-25 14:05:00,56,voice,407,Lakeview Chowk
CDR00318,E4,Sneha Reddy,7010000028,E9,Rohan Malik,7010000033,2026-03-02 23:20:00,61,voice,177,North Bypass
CDR00319,E4,Sneha Reddy,7010000028,E9,Rohan Malik,7010000033,2026-03-08 09:14:00,67,voice,535,North Bypass
CDR00320,E4,Sneha Reddy,7010000028,E9,Rohan Malik,7010000033,2026-03-20 12:57:00,79,sms,0,Station Road
CDR00321,E4,Sneha Reddy,7010000028,E9,Rohan Malik,7010000033,2026-03-23 12:14:00,82,voice,168,Riverside Colony
CDR00322,E4,Sneha Reddy,7010000028,E10,Neha Menon,7010000034,2026-01-10 18:59:00,10,voice,73,Dockside Ward
CDR00323,E4,Sneha Reddy,7010000028,E10,Neha Menon,7010000034,2026-01-23 12:15:00,23,sms,0,Old Market Circle
CDR00324,E4,Sneha Reddy,7010000028,E10,Neha Menon,7010000034,2026-02-15 22:17:00,46,voice,382,New Colony
CDR00325,E4,Sneha Reddy,7010000028,E10,Neha Menon,7010000034,2026-02-19 11:43:00,50,voice,355,Station Road
CDR00326,E4,Sneha Reddy,7010000028,E10,Neha Menon,7010000034,2026-02-21 15:05:00,52,voice,328,Dockside Ward
CDR00327,E4,Sneha Reddy,7010000028,E10,Neha Menon,7010000034,2026-02-25 15:35:00,56,voice,215,North Bypass
CDR00328,E4,Sneha Reddy,7010000028,E10,Neha Menon,7010000034,2026-03-13 16:23:00,72,voice,409,Station Road
CDR00329,E4,Sneha Reddy,7010000028,E10,Neha Menon,7010000034,2026-03-20 17:40:00,79,voice,185,Eastgate
CDR00330,E4,Sneha Reddy,7010000028,E15,Kabir Gupta,7010000039,2026-01-02 08:45:00,2,voice,443,Lakeview Chowk
CDR00331,E4,Sneha Reddy,7010000028,E15,Kabir Gupta,7010000039,2026-01-16 21:22:00,16,voice,573,Eastgate
CDR00332,E4,Sneha Reddy,7010000028,E15,Kabir Gupta,7010000039,2026-01-27 21:39:00,27,sms,0,Central Junction
CDR00333,E4,Sneha Reddy,7010000028,E15,Kabir Gupta,7010000039,2026-02-19 14:24:00,50,sms,0,Central Junction
CDR00334,E4,Sneha Reddy,7010000028,E15,Kabir Gupta,7010000039,2026-02-23 17:31:00,54,voice,190,Warehouse District
CDR00335,E4,Sneha Reddy,7010000028,E15,Kabir Gupta,7010000039,2026-02-28 18:47:00,59,voice,97,Industrial Estate Road
CDR00336,E4,Sneha Reddy,7010000028,E15,Kabir Gupta,7010000039,2026-03-14 17:27:00,73,voice,182,Station Road
CDR00337,E4,Sneha Reddy,7010000028,E15,Kabir Gupta,7010000039,2026-03-16 21:16:00,75,sms,0,Central Junction
CDR00338,E4,Sneha Reddy,7010000028,E15,Kabir Gupta,7010000039,2026-03-21 18:19:00,80,sms,0,Dockside Ward
CDR00339,E4,Sneha Reddy,7010000028,E15,Kabir Gupta,7010000039,2026-03-23 12:13:00,82,voice,286,Central Junction
CDR00340,E4,Sneha Reddy,7010000028,E15,Kabir Gupta,7010000039,2026-03-25 11:28:00,84,voice,321,Eastgate
CDR00341,E5,Imran Shah,7010000029,E6,Javed Kamble,7010000030,2026-01-01 19:32:00,1,voice,249,Lakeview Chowk
CDR00342,E5,Imran Shah,7010000029,E6,Javed Kamble,7010000030,2026-01-02 09:38:00,2,voice,423,Station Road
CDR00343,E5,Imran Shah,7010000029,E6,Javed Kamble,7010000030,2026-01-07 13:02:00,7,voice,551,Eastgate
CDR00344,E5,Imran Shah,7010000029,E6,Javed Kamble,7010000030,2026-01-11 18:02:00,11,voice,257,North Bypass
CDR00345,E5,Imran Shah,7010000029,E6,Javed Kamble,7010000030,2026-01-24 14:24:00,24,sms,0,North Bypass
CDR00346,E5,Imran Shah,7010000029,E6,Javed Kamble,7010000030,2026-01-25 15:17:00,25,sms,0,Central Junction
CDR00347,E5,Imran Shah,7010000029,E6,Javed Kamble,7010000030,2026-01-26 12:07:00,26,voice,519,Station Road
CDR00348,E5,Imran Shah,7010000029,E6,Javed Kamble,7010000030,2026-01-27 16:20:00,27,voice,517,Riverside Colony
CDR00349,E5,Imran Shah,7010000029,E6,Javed Kamble,7010000030,2026-01-28 14:32:00,28,voice,37,Dockside Ward
CDR00350,E5,Imran Shah,7010000029,E6,Javed Kamble,7010000030,2026-02-17 15:13:00,48,voice,156,Warehouse District
CDR00351,E5,Imran Shah,7010000029,E6,Javed Kamble,7010000030,2026-03-01 22:43:00,60,sms,0,New Colony
CDR00352,E5,Imran Shah,7010000029,E6,Javed Kamble,7010000030,2026-03-07 07:35:00,66,voice,470,Industrial Estate Road
CDR00353,E5,Imran Shah,7010000029,E6,Javed Kamble,7010000030,2026-03-08 13:30:00,67,voice,29,North Bypass
CDR00354,E5,Imran Shah,7010000029,E6,Javed Kamble,7010000030,2026-03-14 12:22:00,73,voice,197,Lakeview Chowk
CDR00355,E5,Imran Shah,7010000029,E6,Javed Kamble,7010000030,2026-03-17 21:03:00,76,voice,324,Station Road
CDR00356,E7,Gautam Salunkhe,7010000031,E8,Arjun Shah,7010000032,2026-01-13 21:45:00,13,voice,290,New Colony
CDR00357,E7,Gautam Salunkhe,7010000031,E8,Arjun Shah,7010000032,2026-01-17 19:41:00,17,sms,0,Central Junction
CDR00358,E7,Gautam Salunkhe,7010000031,E8,Arjun Shah,7010000032,2026-01-18 15:02:00,18,sms,0,Eastgate
CDR00359,E7,Gautam Salunkhe,7010000031,E8,Arjun Shah,7010000032,2026-01-19 18:03:00,19,voice,332,Industrial Estate Road
CDR00360,E7,Gautam Salunkhe,7010000031,E8,Arjun Shah,7010000032,2026-02-02 07:01:00,33,voice,505,Warehouse District
CDR00361,E7,Gautam Salunkhe,7010000031,E8,Arjun Shah,7010000032,2026-02-17 11:36:00,48,sms,0,Lakeview Chowk
CDR00362,E7,Gautam Salunkhe,7010000031,E8,Arjun Shah,7010000032,2026-02-21 20:25:00,52,sms,0,North Bypass
CDR00363,E7,Gautam Salunkhe,7010000031,E8,Arjun Shah,7010000032,2026-03-03 15:07:00,62,sms,0,Hilltop Society
CDR00364,E7,Gautam Salunkhe,7010000031,E8,Arjun Shah,7010000032,2026-03-18 20:51:00,77,voice,152,Riverside Colony
CDR00365,E7,Gautam Salunkhe,7010000031,E8,Arjun Shah,7010000032,2026-03-21 10:08:00,80,voice,569,Hilltop Society
CDR00366,E11,Kavita Sawant,7010000035,E5,Imran Shah,7010000029,2026-01-02 17:26:00,2,voice,534,Central Junction
CDR00367,E11,Kavita Sawant,7010000035,E5,Imran Shah,7010000029,2026-01-03 17:36:00,3,voice,53,Dockside Ward
CDR00368,E11,Kavita Sawant,7010000035,E5,Imran Shah,7010000029,2026-01-08 22:38:00,8,voice,576,Old Market Circle
CDR00369,E11,Kavita Sawant,7010000035,E5,Imran Shah,7010000029,2026-01-20 23:31:00,20,voice,150,North Bypass
CDR00370,E11,Kavita Sawant,7010000035,E5,Imran Shah,7010000029,2026-01-24 15:58:00,24,voice,454,Lakeview Chowk
CDR00371,E11,Kavita Sawant,7010000035,E5,Imran Shah,7010000029,2026-01-27 17:58:00,27,sms,0,Dockside Ward
CDR00372,E11,Kavita Sawant,7010000035,E5,Imran Shah,7010000029,2026-02-01 15:38:00,32,voice,560,Eastgate
CDR00373,E11,Kavita Sawant,7010000035,E5,Imran Shah,7010000029,2026-02-02 19:37:00,33,voice,213,Hilltop Society
CDR00374,E11,Kavita Sawant,7010000035,E5,Imran Shah,7010000029,2026-02-04 10:22:00,35,voice,156,Dockside Ward
CDR00375,E11,Kavita Sawant,7010000035,E5,Imran Shah,7010000029,2026-02-09 16:01:00,40,voice,437,Lakeview Chowk
CDR00376,E11,Kavita Sawant,7010000035,E5,Imran Shah,7010000029,2026-02-27 07:26:00,58,voice,59,Old Market Circle
CDR00377,E11,Kavita Sawant,7010000035,E5,Imran Shah,7010000029,2026-03-16 21:43:00,75,voice,308,Old Market Circle
CDR00378,E11,Kavita Sawant,7010000035,E5,Imran Shah,7010000029,2026-03-30 07:37:00,89,voice,300,Hilltop Society
CDR00379,E12,Siddharth Kapoor,7010000036,E6,Javed Kamble,7010000030,2026-01-08 09:40:00,8,sms,0,North Bypass
CDR00380,E12,Siddharth Kapoor,7010000036,E6,Javed Kamble,7010000030,2026-01-12 23:50:00,12,voice,513,Station Road
CDR00381,E12,Siddharth Kapoor,7010000036,E6,Javed Kamble,7010000030,2026-01-17 21:24:00,17,sms,0,Station Road
CDR00382,E12,Siddharth Kapoor,7010000036,E6,Javed Kamble,7010000030,2026-01-24 19:45:00,24,voice,134,Old Market Circle
CDR00383,E12,Siddharth Kapoor,7010000036,E6,Javed Kamble,7010000030,2026-02-04 16:30:00,35,sms,0,New Colony
CDR00384,E12,Siddharth Kapoor,7010000036,E6,Javed Kamble,7010000030,2026-02-17 20:38:00,48,voice,222,Old Market Circle
CDR00385,E12,Siddharth Kapoor,7010000036,E6,Javed Kamble,7010000030,2026-02-28 23:51:00,59,voice,420,Hilltop Society
CDR00386,E12,Siddharth Kapoor,7010000036,E6,Javed Kamble,7010000030,2026-03-05 18:20:00,64,voice,458,Station Road
CDR00387,E12,Siddharth Kapoor,7010000036,E6,Javed Kamble,7010000030,2026-03-20 07:56:00,79,voice,190,Old Market Circle
CDR00388,E12,Siddharth Kapoor,7010000036,E6,Javed Kamble,7010000030,2026-03-23 13:33:00,82,voice,38,North Bypass
CDR00389,E12,Siddharth Kapoor,7010000036,E6,Javed Kamble,7010000030,2026-03-29 10:18:00,88,voice,535,Central Junction
CDR00390,F1,Veer Gupta,7010000049,F2,Vivaan Chougule,7010000050,2026-01-01 13:20:00,1,sms,0,Lakeview Chowk
CDR00391,F1,Veer Gupta,7010000049,F2,Vivaan Chougule,7010000050,2026-01-10 22:14:00,10,voice,593,Riverside Colony
CDR00392,F1,Veer Gupta,7010000049,F2,Vivaan Chougule,7010000050,2026-01-20 16:26:00,20,voice,435,Hilltop Society
CDR00393,F1,Veer Gupta,7010000049,F2,Vivaan Chougule,7010000050,2026-02-07 13:14:00,38,voice,222,Old Market Circle
CDR00394,F1,Veer Gupta,7010000049,F2,Vivaan Chougule,7010000050,2026-02-12 15:11:00,43,voice,332,Industrial Estate Road
CDR00395,F1,Veer Gupta,7010000049,F2,Vivaan Chougule,7010000050,2026-02-20 22:14:00,51,voice,341,Central Junction
CDR00396,F1,Veer Gupta,7010000049,F2,Vivaan Chougule,7010000050,2026-03-07 22:15:00,66,sms,0,Industrial Estate Road
CDR00397,F1,Veer Gupta,7010000049,F2,Vivaan Chougule,7010000050,2026-03-24 08:21:00,83,voice,390,Riverside Colony
CDR00398,F1,Veer Gupta,7010000049,F2,Vivaan Chougule,7010000050,2026-03-30 21:43:00,89,voice,85,Central Junction
CDR00399,F1,Veer Gupta,7010000049,F3,Sameer Menon,7010000051,2026-01-30 22:50:00,30,voice,20,Industrial Estate Road
CDR00400,F1,Veer Gupta,7010000049,F3,Sameer Menon,7010000051,2026-02-12 20:14:00,43,voice,92,Central Junction
CDR00401,F1,Veer Gupta,7010000049,F3,Sameer Menon,7010000051,2026-02-15 07:35:00,46,voice,85,Old Market Circle
CDR00402,F1,Veer Gupta,7010000049,F3,Sameer Menon,7010000051,2026-02-22 18:58:00,53,sms,0,Hilltop Society
CDR00403,F1,Veer Gupta,7010000049,F3,Sameer Menon,7010000051,2026-03-04 14:55:00,63,voice,119,Dockside Ward
CDR00404,F1,Veer Gupta,7010000049,F3,Sameer Menon,7010000051,2026-03-08 12:45:00,67,voice,383,North Bypass
CDR00405,F1,Veer Gupta,7010000049,F3,Sameer Menon,7010000051,2026-03-09 14:53:00,68,voice,517,Dockside Ward
CDR00406,F1,Veer Gupta,7010000049,F3,Sameer Menon,7010000051,2026-03-10 12:12:00,69,voice,189,Warehouse District
CDR00407,F1,Veer Gupta,7010000049,F3,Sameer Menon,7010000051,2026-03-17 12:11:00,76,sms,0,Eastgate
CDR00408,F1,Veer Gupta,7010000049,F3,Sameer Menon,7010000051,2026-03-29 22:32:00,88,voice,499,Riverside Colony
CDR00409,F1,Veer Gupta,7010000049,F3,Sameer Menon,7010000051,2026-03-30 15:49:00,89,voice,312,Old Market Circle
CDR00410,F1,Veer Gupta,7010000049,F4,Sunil Bhosale,7010000052,2026-01-06 08:18:00,6,voice,149,Hilltop Society
CDR00411,F1,Veer Gupta,7010000049,F4,Sunil Bhosale,7010000052,2026-01-09 14:01:00,9,voice,209,North Bypass
CDR00412,F1,Veer Gupta,7010000049,F4,Sunil Bhosale,7010000052,2026-01-14 17:55:00,14,voice,534,Old Market Circle
CDR00413,F1,Veer Gupta,7010000049,F4,Sunil Bhosale,7010000052,2026-01-20 10:44:00,20,voice,463,Hilltop Society
CDR00414,F1,Veer Gupta,7010000049,F4,Sunil Bhosale,7010000052,2026-01-22 16:37:00,22,voice,348,Old Market Circle
CDR00415,F1,Veer Gupta,7010000049,F4,Sunil Bhosale,7010000052,2026-01-25 17:43:00,25,voice,199,Central Junction
CDR00416,F1,Veer Gupta,7010000049,F4,Sunil Bhosale,7010000052,2026-01-30 11:06:00,30,voice,575,Hilltop Society
CDR00417,F1,Veer Gupta,7010000049,F4,Sunil Bhosale,7010000052,2026-02-01 23:19:00,32,voice,102,Central Junction
CDR00418,F1,Veer Gupta,7010000049,F4,Sunil Bhosale,7010000052,2026-02-02 23:17:00,33,voice,559,Central Junction
CDR00419,F1,Veer Gupta,7010000049,F4,Sunil Bhosale,7010000052,2026-02-08 20:44:00,39,voice,382,Old Market Circle
CDR00420,F1,Veer Gupta,7010000049,F4,Sunil Bhosale,7010000052,2026-02-14 14:23:00,45,sms,0,Riverside Colony
CDR00421,F1,Veer Gupta,7010000049,F4,Sunil Bhosale,7010000052,2026-02-17 20:28:00,48,voice,333,Lakeview Chowk
CDR00422,F1,Veer Gupta,7010000049,F4,Sunil Bhosale,7010000052,2026-02-23 21:36:00,54,sms,0,Station Road
CDR00423,F1,Veer Gupta,7010000049,F4,Sunil Bhosale,7010000052,2026-03-01 21:47:00,60,voice,500,Station Road
CDR00424,F1,Veer Gupta,7010000049,F4,Sunil Bhosale,7010000052,2026-03-17 11:43:00,76,voice,166,Central Junction
CDR00425,F1,Veer Gupta,7010000049,F4,Sunil Bhosale,7010000052,2026-03-24 20:21:00,83,voice,167,North Bypass
CDR00426,F2,Vivaan Chougule,7010000050,F5,Rohan Thakur,7010000053,2026-01-16 10:18:00,16,sms,0,Lakeview Chowk
CDR00427,F2,Vivaan Chougule,7010000050,F5,Rohan Thakur,7010000053,2026-01-28 11:37:00,28,voice,128,Dockside Ward
CDR00428,F2,Vivaan Chougule,7010000050,F5,Rohan Thakur,7010000053,2026-01-29 09:30:00,29,sms,0,Dockside Ward
CDR00429,F2,Vivaan Chougule,7010000050,F5,Rohan Thakur,7010000053,2026-02-01 21:36:00,32,sms,0,New Colony
CDR00430,F2,Vivaan Chougule,7010000050,F5,Rohan Thakur,7010000053,2026-02-10 10:55:00,41,voice,505,Station Road
CDR00431,F2,Vivaan Chougule,7010000050,F5,Rohan Thakur,7010000053,2026-02-11 07:24:00,42,sms,0,Industrial Estate Road
CDR00432,F2,Vivaan Chougule,7010000050,F5,Rohan Thakur,7010000053,2026-02-27 07:59:00,58,sms,0,Eastgate
CDR00433,F2,Vivaan Chougule,7010000050,F5,Rohan Thakur,7010000053,2026-03-13 23:23:00,72,voice,510,Lakeview Chowk
CDR00434,F2,Vivaan Chougule,7010000050,F5,Rohan Thakur,7010000053,2026-03-16 15:33:00,75,voice,264,Dockside Ward
CDR00435,F2,Vivaan Chougule,7010000050,F5,Rohan Thakur,7010000053,2026-03-25 10:46:00,84,voice,544,Riverside Colony
CDR00436,F2,Vivaan Chougule,7010000050,F5,Rohan Thakur,7010000053,2026-03-30 21:35:00,89,voice,355,Warehouse District
CDR00437,F2,Vivaan Chougule,7010000050,F6,Alok Jain,7010000054,2026-01-04 22:25:00,4,voice,484,Warehouse District
CDR00438,F2,Vivaan Chougule,7010000050,F6,Alok Jain,7010000054,2026-01-07 07:17:00,7,voice,446,New Colony
CDR00439,F2,Vivaan Chougule,7010000050,F6,Alok Jain,7010000054,2026-01-15 23:40:00,15,voice,360,New Colony
CDR00440,F2,Vivaan Chougule,7010000050,F6,Alok Jain,7010000054,2026-01-26 16:02:00,26,voice,119,North Bypass
CDR00441,F2,Vivaan Chougule,7010000050,F6,Alok Jain,7010000054,2026-01-31 17:40:00,31,sms,0,Hilltop Society
CDR00442,F2,Vivaan Chougule,7010000050,F6,Alok Jain,7010000054,2026-02-02 10:18:00,33,voice,232,North Bypass
CDR00443,F2,Vivaan Chougule,7010000050,F6,Alok Jain,7010000054,2026-02-03 14:50:00,34,voice,175,Warehouse District
CDR00444,F2,Vivaan Chougule,7010000050,F6,Alok Jain,7010000054,2026-02-07 10:56:00,38,voice,379,New Colony
CDR00445,F2,Vivaan Chougule,7010000050,F6,Alok Jain,7010000054,2026-02-09 18:44:00,40,sms,0,Eastgate
CDR00446,F2,Vivaan Chougule,7010000050,F6,Alok Jain,7010000054,2026-02-10 20:21:00,41,voice,37,Station Road
CDR00447,F2,Vivaan Chougule,7010000050,F6,Alok Jain,7010000054,2026-03-07 13:51:00,66,voice,59,Hilltop Society
CDR00448,F2,Vivaan Chougule,7010000050,F6,Alok Jain,7010000054,2026-03-17 22:32:00,76,sms,0,Old Market Circle
CDR00449,F2,Vivaan Chougule,7010000050,F6,Alok Jain,7010000054,2026-03-20 12:30:00,79,voice,540,Industrial Estate Road
CDR00450,F2,Vivaan Chougule,7010000050,F6,Alok Jain,7010000054,2026-03-29 14:36:00,88,sms,0,Riverside Colony
CDR00451,F2,Vivaan Chougule,7010000050,F13,Dhruv Yadav,7010000061,2026-01-19 19:44:00,19,sms,0,Industrial Estate Road
CDR00452,F2,Vivaan Chougule,7010000050,F13,Dhruv Yadav,7010000061,2026-01-24 15:00:00,24,voice,177,New Colony
CDR00453,F2,Vivaan Chougule,7010000050,F13,Dhruv Yadav,7010000061,2026-02-14 07:55:00,45,voice,546,Dockside Ward
CDR00454,F2,Vivaan Chougule,7010000050,F13,Dhruv Yadav,7010000061,2026-02-16 14:51:00,47,sms,0,Hilltop Society
CDR00455,F2,Vivaan Chougule,7010000050,F13,Dhruv Yadav,7010000061,2026-02-19 17:36:00,50,voice,47,Dockside Ward
CDR00456,F2,Vivaan Chougule,7010000050,F13,Dhruv Yadav,7010000061,2026-02-20 12:57:00,51,voice,62,Warehouse District
CDR00457,F2,Vivaan Chougule,7010000050,F13,Dhruv Yadav,7010000061,2026-02-21 20:48:00,52,voice,509,North Bypass
CDR00458,F2,Vivaan Chougule,7010000050,F13,Dhruv Yadav,7010000061,2026-03-03 10:32:00,62,voice,536,Hilltop Society
CDR00459,F2,Vivaan Chougule,7010000050,F13,Dhruv Yadav,7010000061,2026-03-09 19:48:00,68,voice,475,Hilltop Society
CDR00460,F2,Vivaan Chougule,7010000050,F13,Dhruv Yadav,7010000061,2026-03-20 17:51:00,79,voice,443,Riverside Colony
CDR00461,F2,Vivaan Chougule,7010000050,F13,Dhruv Yadav,7010000061,2026-03-22 09:11:00,81,voice,372,Dockside Ward
CDR00462,F2,Vivaan Chougule,7010000050,F13,Dhruv Yadav,7010000061,2026-03-25 20:06:00,84,voice,422,Industrial Estate Road
CDR00463,F2,Vivaan Chougule,7010000050,F13,Dhruv Yadav,7010000061,2026-03-30 19:27:00,89,voice,582,North Bypass
CDR00464,F3,Sameer Menon,7010000051,F7,Vivaan Baig,7010000055,2026-01-19 07:17:00,19,voice,560,Hilltop Society
CDR00465,F3,Sameer Menon,7010000051,F7,Vivaan Baig,7010000055,2026-01-20 23:54:00,20,voice,95,Riverside Colony
CDR00466,F3,Sameer Menon,7010000051,F7,Vivaan Baig,7010000055,2026-01-24 23:07:00,24,voice,600,Central Junction
CDR00467,F3,Sameer Menon,7010000051,F7,Vivaan Baig,7010000055,2026-01-28 09:08:00,28,voice,202,New Colony
CDR00468,F3,Sameer Menon,7010000051,F7,Vivaan Baig,7010000055,2026-02-06 23:23:00,37,voice,22,Hilltop Society
CDR00469,F3,Sameer Menon,7010000051,F7,Vivaan Baig,7010000055,2026-02-14 11:54:00,45,voice,41,Hilltop Society
CDR00470,F3,Sameer Menon,7010000051,F7,Vivaan Baig,7010000055,2026-02-16 09:35:00,47,voice,338,Hilltop Society
CDR00471,F3,Sameer Menon,7010000051,F7,Vivaan Baig,7010000055,2026-02-17 10:08:00,48,voice,366,Central Junction
CDR00472,F3,Sameer Menon,7010000051,F7,Vivaan Baig,7010000055,2026-02-19 12:20:00,50,sms,0,Old Market Circle
CDR00473,F3,Sameer Menon,7010000051,F7,Vivaan Baig,7010000055,2026-02-20 09:11:00,51,voice,454,Riverside Colony
CDR00474,F3,Sameer Menon,7010000051,F7,Vivaan Baig,7010000055,2026-02-25 08:25:00,56,voice,569,Station Road
CDR00475,F3,Sameer Menon,7010000051,F7,Vivaan Baig,7010000055,2026-02-26 17:38:00,57,sms,0,Industrial Estate Road
CDR00476,F3,Sameer Menon,7010000051,F7,Vivaan Baig,7010000055,2026-03-10 15:48:00,69,voice,349,Riverside Colony
CDR00477,F3,Sameer Menon,7010000051,F7,Vivaan Baig,7010000055,2026-03-16 11:16:00,75,voice,507,Industrial Estate Road
CDR00478,F3,Sameer Menon,7010000051,F7,Vivaan Baig,7010000055,2026-03-17 23:25:00,76,voice,459,Eastgate
CDR00479,F3,Sameer Menon,7010000051,F7,Vivaan Baig,7010000055,2026-03-23 11:32:00,82,voice,106,Eastgate
CDR00480,F3,Sameer Menon,7010000051,F8,Vijay Iyer,7010000056,2026-01-03 12:10:00,3,voice,309,Station Road
CDR00481,F3,Sameer Menon,7010000051,F8,Vijay Iyer,7010000056,2026-01-08 20:52:00,8,voice,241,Eastgate
CDR00482,F3,Sameer Menon,7010000051,F8,Vijay Iyer,7010000056,2026-01-14 22:27:00,14,voice,406,Lakeview Chowk
CDR00483,F3,Sameer Menon,7010000051,F8,Vijay Iyer,7010000056,2026-02-07 22:13:00,38,sms,0,New Colony
CDR00484,F3,Sameer Menon,7010000051,F8,Vijay Iyer,7010000056,2026-02-13 08:15:00,44,voice,129,North Bypass
CDR00485,F3,Sameer Menon,7010000051,F8,Vijay Iyer,7010000056,2026-02-17 20:16:00,48,voice,148,New Colony
CDR00486,F3,Sameer Menon,7010000051,F8,Vijay Iyer,7010000056,2026-03-17 14:02:00,76,voice,80,Dockside Ward
CDR00487,F3,Sameer Menon,7010000051,F8,Vijay Iyer,7010000056,2026-03-27 07:15:00,86,voice,30,Old Market Circle
CDR00488,F3,Sameer Menon,7010000051,F14,Neha Desai,7010000062,2026-01-04 15:36:00,4,voice,151,Eastgate
CDR00489,F3,Sameer Menon,7010000051,F14,Neha Desai,7010000062,2026-01-12 17:06:00,12,voice,192,Old Market Circle
CDR00490,F3,Sameer Menon,7010000051,F14,Neha Desai,7010000062,2026-01-17 11:23:00,17,sms,0,Eastgate
CDR00491,F3,Sameer Menon,7010000051,F14,Neha Desai,7010000062,2026-01-20 16:58:00,20,sms,0,Industrial Estate Road
CDR00492,F3,Sameer Menon,7010000051,F14,Neha Desai,7010000062,2026-01-25 07:12:00,25,voice,268,Station Road
CDR00493,F3,Sameer Menon,7010000051,F14,Neha Desai,7010000062,2026-01-26 21:27:00,26,voice,576,Eastgate
CDR00494,F3,Sameer Menon,7010000051,F14,Neha Desai,7010000062,2026-01-27 19:50:00,27,voice,28,Hilltop Society
CDR00495,F3,Sameer Menon,7010000051,F14,Neha Desai,7010000062,2026-02-20 20:34:00,51,voice,230,Central Junction
CDR00496,F3,Sameer Menon,7010000051,F14,Neha Desai,7010000062,2026-02-24 07:43:00,55,voice,560,North Bypass
CDR00497,F3,Sameer Menon,7010000051,F14,Neha Desai,7010000062,2026-02-27 23:18:00,58,voice,481,Dockside Ward
CDR00498,F3,Sameer Menon,7010000051,F14,Neha Desai,7010000062,2026-02-28 22:59:00,59,voice,231,North Bypass
CDR00499,F3,Sameer Menon,7010000051,F14,Neha Desai,7010000062,2026-03-08 12:58:00,67,voice,284,Riverside Colony
CDR00500,F3,Sameer Menon,7010000051,F14,Neha Desai,7010000062,2026-03-13 18:08:00,72,voice,455,Hilltop Society
CDR00501,F3,Sameer Menon,7010000051,F14,Neha Desai,7010000062,2026-03-23 18:11:00,82,voice,336,Station Road
CDR00502,F4,Sunil Bhosale,7010000052,F9,Amit Kulkarni,7010000057,2026-01-03 21:39:00,3,voice,251,Industrial Estate Road
CDR00503,F4,Sunil Bhosale,7010000052,F9,Amit Kulkarni,7010000057,2026-01-21 11:07:00,21,voice,22,North Bypass
CDR00504,F4,Sunil Bhosale,7010000052,F9,Amit Kulkarni,7010000057,2026-01-29 18:20:00,29,voice,441,Eastgate
CDR00505,F4,Sunil Bhosale,7010000052,F9,Amit Kulkarni,7010000057,2026-02-09 15:19:00,40,voice,557,Industrial Estate Road
CDR00506,F4,Sunil Bhosale,7010000052,F9,Amit Kulkarni,7010000057,2026-02-22 22:51:00,53,voice,192,Eastgate
CDR00507,F4,Sunil Bhosale,7010000052,F9,Amit Kulkarni,7010000057,2026-03-03 13:43:00,62,voice,312,Dockside Ward
CDR00508,F4,Sunil Bhosale,7010000052,F9,Amit Kulkarni,7010000057,2026-03-04 07:13:00,63,voice,417,Station Road
CDR00509,F4,Sunil Bhosale,7010000052,F9,Amit Kulkarni,7010000057,2026-03-17 17:19:00,76,voice,290,Industrial Estate Road
CDR00510,F4,Sunil Bhosale,7010000052,F9,Amit Kulkarni,7010000057,2026-03-21 17:39:00,80,sms,0,Eastgate
CDR00511,F4,Sunil Bhosale,7010000052,F10,Pooja Nair,7010000058,2026-01-23 07:46:00,23,voice,238,Warehouse District
CDR00512,F4,Sunil Bhosale,7010000052,F10,Pooja Nair,7010000058,2026-02-09 07:27:00,40,voice,423,New Colony
CDR00513,F4,Sunil Bhosale,7010000052,F10,Pooja Nair,7010000058,2026-02-21 13:27:00,52,voice,116,Station Road
CDR00514,F4,Sunil Bhosale,7010000052,F10,Pooja Nair,7010000058,2026-03-01 14:01:00,60,sms,0,North Bypass
CDR00515,F4,Sunil Bhosale,7010000052,F10,Pooja Nair,7010000058,2026-03-03 15:25:00,62,voice,262,Riverside Colony
CDR00516,F4,Sunil Bhosale,7010000052,F10,Pooja Nair,7010000058,2026-03-15 08:09:00,74,sms,0,Station Road
CDR00517,F4,Sunil Bhosale,7010000052,F10,Pooja Nair,7010000058,2026-03-20 18:04:00,79,voice,209,Hilltop Society
CDR00518,F4,Sunil Bhosale,7010000052,F10,Pooja Nair,7010000058,2026-03-22 13:28:00,81,voice,206,Dockside Ward
CDR00519,F4,Sunil Bhosale,7010000052,F10,Pooja Nair,7010000058,2026-03-27 08:50:00,86,voice,433,Riverside Colony
CDR00520,F4,Sunil Bhosale,7010000052,F15,Gautam Shah,7010000063,2026-01-16 14:09:00,16,sms,0,Station Road
CDR00521,F4,Sunil Bhosale,7010000052,F15,Gautam Shah,7010000063,2026-01-23 10:31:00,23,sms,0,Station Road
CDR00522,F4,Sunil Bhosale,7010000052,F15,Gautam Shah,7010000063,2026-01-26 17:00:00,26,sms,0,Eastgate
CDR00523,F4,Sunil Bhosale,7010000052,F15,Gautam Shah,7010000063,2026-01-31 16:29:00,31,voice,478,Central Junction
CDR00524,F4,Sunil Bhosale,7010000052,F15,Gautam Shah,7010000063,2026-03-15 10:24:00,74,voice,433,Industrial Estate Road
CDR00525,F4,Sunil Bhosale,7010000052,F15,Gautam Shah,7010000063,2026-03-17 12:03:00,76,voice,333,Hilltop Society
CDR00526,F4,Sunil Bhosale,7010000052,F15,Gautam Shah,7010000063,2026-03-23 07:37:00,82,voice,577,New Colony
CDR00527,F4,Sunil Bhosale,7010000052,F15,Gautam Shah,7010000063,2026-03-24 17:07:00,83,voice,251,New Colony
CDR00528,F4,Sunil Bhosale,7010000052,F15,Gautam Shah,7010000063,2026-03-30 14:01:00,89,voice,544,Lakeview Chowk
CDR00529,F5,Rohan Thakur,7010000053,F6,Alok Jain,7010000054,2026-01-26 15:38:00,26,voice,266,Dockside Ward
CDR00530,F5,Rohan Thakur,7010000053,F6,Alok Jain,7010000054,2026-01-30 12:25:00,30,voice,34,Lakeview Chowk
CDR00531,F5,Rohan Thakur,7010000053,F6,Alok Jain,7010000054,2026-02-09 15:42:00,40,voice,121,Dockside Ward
CDR00532,F5,Rohan Thakur,7010000053,F6,Alok Jain,7010000054,2026-02-25 14:30:00,56,voice,137,Industrial Estate Road
CDR00533,F5,Rohan Thakur,7010000053,F6,Alok Jain,7010000054,2026-02-26 09:18:00,57,voice,418,Industrial Estate Road
CDR00534,F5,Rohan Thakur,7010000053,F6,Alok Jain,7010000054,2026-03-16 20:46:00,75,voice,137,Riverside Colony
CDR00535,F5,Rohan Thakur,7010000053,F6,Alok Jain,7010000054,2026-03-19 12:05:00,78,voice,248,Central Junction
CDR00536,F5,Rohan Thakur,7010000053,F6,Alok Jain,7010000054,2026-03-24 15:10:00,83,voice,278,Warehouse District
CDR00537,F5,Rohan Thakur,7010000053,F6,Alok Jain,7010000054,2026-03-25 19:08:00,84,voice,24,Industrial Estate Road
CDR00538,F7,Vivaan Baig,7010000055,F8,Vijay Iyer,7010000056,2026-01-01 21:25:00,1,voice,449,Old Market Circle
CDR00539,F7,Vivaan Baig,7010000055,F8,Vijay Iyer,7010000056,2026-01-28 16:58:00,28,voice,281,North Bypass
CDR00540,F7,Vivaan Baig,7010000055,F8,Vijay Iyer,7010000056,2026-02-10 23:03:00,41,voice,103,Old Market Circle
CDR00541,F7,Vivaan Baig,7010000055,F8,Vijay Iyer,7010000056,2026-02-21 11:20:00,52,voice,395,North Bypass
CDR00542,F7,Vivaan Baig,7010000055,F8,Vijay Iyer,7010000056,2026-02-22 20:45:00,53,sms,0,Dockside Ward
CDR00543,F7,Vivaan Baig,7010000055,F8,Vijay Iyer,7010000056,2026-02-23 13:14:00,54,voice,567,Dockside Ward
CDR00544,F7,Vivaan Baig,7010000055,F8,Vijay Iyer,7010000056,2026-02-24 21:27:00,55,sms,0,Old Market Circle
CDR00545,F7,Vivaan Baig,7010000055,F8,Vijay Iyer,7010000056,2026-02-25 12:35:00,56,voice,82,Industrial Estate Road
CDR00546,F7,Vivaan Baig,7010000055,F8,Vijay Iyer,7010000056,2026-02-28 18:50:00,59,voice,437,Eastgate
CDR00547,F7,Vivaan Baig,7010000055,F8,Vijay Iyer,7010000056,2026-03-05 19:31:00,64,voice,310,Lakeview Chowk
CDR00548,F7,Vivaan Baig,7010000055,F8,Vijay Iyer,7010000056,2026-03-15 07:32:00,74,voice,44,Eastgate
CDR00549,F7,Vivaan Baig,7010000055,F8,Vijay Iyer,7010000056,2026-03-17 13:25:00,76,sms,0,New Colony
CDR00550,F7,Vivaan Baig,7010000055,F8,Vijay Iyer,7010000056,2026-03-26 12:42:00,85,voice,401,Hilltop Society
CDR00551,F11,Deepak Chougule,7010000059,F5,Rohan Thakur,7010000053,2026-01-07 16:09:00,7,voice,327,Station Road
CDR00552,F11,Deepak Chougule,7010000059,F5,Rohan Thakur,7010000053,2026-01-12 14:01:00,12,voice,557,Riverside Colony
CDR00553,F11,Deepak Chougule,7010000059,F5,Rohan Thakur,7010000053,2026-01-23 10:59:00,23,voice,265,Eastgate
CDR00554,F11,Deepak Chougule,7010000059,F5,Rohan Thakur,7010000053,2026-01-29 12:30:00,29,voice,216,Dockside Ward
CDR00555,F11,Deepak Chougule,7010000059,F5,Rohan Thakur,7010000053,2026-02-17 23:30:00,48,voice,20,North Bypass
CDR00556,F11,Deepak Chougule,7010000059,F5,Rohan Thakur,7010000053,2026-02-21 19:38:00,52,voice,570,Central Junction
CDR00557,F11,Deepak Chougule,7010000059,F5,Rohan Thakur,7010000053,2026-02-22 21:15:00,53,sms,0,Old Market Circle
CDR00558,F11,Deepak Chougule,7010000059,F5,Rohan Thakur,7010000053,2026-02-25 20:25:00,56,voice,97,Hilltop Society
CDR00559,F11,Deepak Chougule,7010000059,F5,Rohan Thakur,7010000053,2026-02-28 15:12:00,59,voice,194,Industrial Estate Road
CDR00560,F11,Deepak Chougule,7010000059,F5,Rohan Thakur,7010000053,2026-03-04 09:55:00,63,sms,0,New Colony
CDR00561,F11,Deepak Chougule,7010000059,F5,Rohan Thakur,7010000053,2026-03-07 18:47:00,66,voice,112,Lakeview Chowk
CDR00562,F11,Deepak Chougule,7010000059,F5,Rohan Thakur,7010000053,2026-03-14 21:14:00,73,sms,0,Lakeview Chowk
CDR00563,F11,Deepak Chougule,7010000059,F5,Rohan Thakur,7010000053,2026-03-18 14:42:00,77,voice,37,Riverside Colony
CDR00564,F12,Rohan Naik,7010000060,F6,Alok Jain,7010000054,2026-01-07 18:38:00,7,voice,218,New Colony
CDR00565,F12,Rohan Naik,7010000060,F6,Alok Jain,7010000054,2026-01-15 10:28:00,15,sms,0,Central Junction
CDR00566,F12,Rohan Naik,7010000060,F6,Alok Jain,7010000054,2026-01-16 23:32:00,16,voice,263,Dockside Ward
CDR00567,F12,Rohan Naik,7010000060,F6,Alok Jain,7010000054,2026-01-17 07:43:00,17,voice,311,Lakeview Chowk
CDR00568,F12,Rohan Naik,7010000060,F6,Alok Jain,7010000054,2026-01-25 14:30:00,25,sms,0,Old Market Circle
CDR00569,F12,Rohan Naik,7010000060,F6,Alok Jain,7010000054,2026-01-30 11:40:00,30,voice,162,Central Junction
CDR00570,F12,Rohan Naik,7010000060,F6,Alok Jain,7010000054,2026-02-01 18:50:00,32,sms,0,Central Junction
CDR00571,F12,Rohan Naik,7010000060,F6,Alok Jain,7010000054,2026-02-08 14:50:00,39,voice,372,Station Road
CDR00572,F12,Rohan Naik,7010000060,F6,Alok Jain,7010000054,2026-02-11 15:27:00,42,voice,59,Riverside Colony
CDR00573,F12,Rohan Naik,7010000060,F6,Alok Jain,7010000054,2026-02-15 17:39:00,46,voice,184,New Colony
CDR00574,F12,Rohan Naik,7010000060,F6,Alok Jain,7010000054,2026-02-16 07:18:00,47,voice,334,New Colony
CDR00575,F12,Rohan Naik,7010000060,F6,Alok Jain,7010000054,2026-02-19 23:27:00,50,voice,164,Lakeview Chowk
CDR00576,F12,Rohan Naik,7010000060,F6,Alok Jain,7010000054,2026-03-03 07:07:00,62,voice,518,Station Road
CDR00577,F12,Rohan Naik,7010000060,F6,Alok Jain,7010000054,2026-03-07 16:13:00,66,voice,289,Lakeview Chowk
CDR00578,F12,Rohan Naik,7010000060,F6,Alok Jain,7010000054,2026-03-09 11:49:00,68,voice,549,Lakeview Chowk
CDR00579,F12,Rohan Naik,7010000060,F6,Alok Jain,7010000054,2026-03-26 19:01:00,85,voice,496,Hilltop Society
CDR00580,Y1,Ramesh Singh,7010000073,D11,Pooja Reddy,7010000011,2026-01-22 10:51:00,22,voice,465,Industrial Estate Road
CDR00581,Y1,Ramesh Singh,7010000073,D11,Pooja Reddy,7010000011,2026-01-25 18:47:00,25,voice,353,Station Road
CDR00582,Y1,Ramesh Singh,7010000073,D11,Pooja Reddy,7010000011,2026-02-14 10:46:00,45,sms,0,Central Junction
CDR00583,Y1,Ramesh Singh,7010000073,D11,Pooja Reddy,7010000011,2026-02-16 22:57:00,47,voice,237,Lakeview Chowk
CDR00584,Y1,Ramesh Singh,7010000073,D11,Pooja Reddy,7010000011,2026-02-20 19:19:00,51,voice,365,Warehouse District
CDR00585,Y1,Ramesh Singh,7010000073,D11,Pooja Reddy,7010000011,2026-03-03 07:04:00,62,voice,353,Lakeview Chowk
CDR00586,Y1,Ramesh Singh,7010000073,D11,Pooja Reddy,7010000011,2026-03-29 10:29:00,88,sms,0,Dockside Ward
CDR00587,Y1,Ramesh Singh,7010000073,D11,Pooja Reddy,7010000011,2026-03-31 22:11:00,90,voice,259,New Colony
CDR00588,Y1,Ramesh Singh,7010000073,E15,Kabir Gupta,7010000039,2026-01-05 22:37:00,5,voice,534,Eastgate
CDR00589,Y1,Ramesh Singh,7010000073,E15,Kabir Gupta,7010000039,2026-02-04 18:56:00,35,sms,0,North Bypass
CDR00590,Y1,Ramesh Singh,7010000073,E15,Kabir Gupta,7010000039,2026-02-15 07:48:00,46,sms,0,Hilltop Society
CDR00591,Y1,Ramesh Singh,7010000073,E15,Kabir Gupta,7010000039,2026-02-16 07:46:00,47,sms,0,Lakeview Chowk
CDR00592,Y1,Ramesh Singh,7010000073,E15,Kabir Gupta,7010000039,2026-03-15 08:06:00,74,voice,525,Station Road
CDR00593,Y1,Ramesh Singh,7010000073,E15,Kabir Gupta,7010000039,2026-03-18 18:02:00,77,voice,212,Central Junction
CDR00594,Y1,Ramesh Singh,7010000073,E15,Kabir Gupta,7010000039,2026-03-28 15:27:00,87,voice,204,Hilltop Society
CDR00595,Y1,Ramesh Singh,7010000073,E15,Kabir Gupta,7010000039,2026-03-31 17:54:00,90,sms,0,Station Road
CDR00596,Y1,Ramesh Singh,7010000073,F11,Deepak Chougule,7010000059,2026-01-09 13:45:00,9,voice,343,Warehouse District
CDR00597,Y1,Ramesh Singh,7010000073,F11,Deepak Chougule,7010000059,2026-01-12 23:03:00,12,voice,461,Riverside Colony
CDR00598,Y1,Ramesh Singh,7010000073,F11,Deepak Chougule,7010000059,2026-01-15 20:12:00,15,voice,222,Hilltop Society
CDR00599,Y1,Ramesh Singh,7010000073,F11,Deepak Chougule,7010000059,2026-01-16 08:44:00,16,sms,0,Station Road
CDR00600,Y1,Ramesh Singh,7010000073,F11,Deepak Chougule,7010000059,2026-01-21 17:27:00,21,voice,244,Eastgate
CDR00601,Y1,Ramesh Singh,7010000073,F11,Deepak Chougule,7010000059,2026-01-27 15:12:00,27,voice,264,Central Junction
CDR00602,Y1,Ramesh Singh,7010000073,F11,Deepak Chougule,7010000059,2026-03-13 19:41:00,72,voice,330,Old Market Circle
CDR00603,Y1,Ramesh Singh,7010000073,F11,Deepak Chougule,7010000059,2026-03-14 23:19:00,73,voice,483,Warehouse District
CDR00604,Y2,Santosh Kulkarni,7010000074,E1,Divya Reddy,7010000025,2026-01-15 10:45:00,15,voice,155,Industrial Estate Road
CDR00605,Y2,Santosh Kulkarni,7010000074,E1,Divya Reddy,7010000025,2026-02-19 09:40:00,50,voice,305,Old Market Circle
CDR00606,Y2,Santosh Kulkarni,7010000074,E1,Divya Reddy,7010000025,2026-02-21 15:25:00,52,voice,311,Warehouse District
CDR00607,Y2,Santosh Kulkarni,7010000074,E1,Divya Reddy,7010000025,2026-02-22 16:51:00,53,voice,416,Station Road
CDR00608,Y2,Santosh Kulkarni,7010000074,E1,Divya Reddy,7010000025,2026-03-01 09:22:00,60,voice,284,Industrial Estate Road
CDR00609,Y2,Santosh Kulkarni,7010000074,E1,Divya Reddy,7010000025,2026-03-07 07:44:00,66,voice,470,New Colony
CDR00610,Y2,Santosh Kulkarni,7010000074,E1,Divya Reddy,7010000025,2026-03-15 20:56:00,74,voice,398,Hilltop Society
CDR00611,Y2,Santosh Kulkarni,7010000074,E1,Divya Reddy,7010000025,2026-03-17 13:33:00,76,voice,242,Lakeview Chowk
CDR00612,Y2,Santosh Kulkarni,7010000074,E1,Divya Reddy,7010000025,2026-03-20 08:27:00,79,voice,538,Eastgate
CDR00613,Y2,Santosh Kulkarni,7010000074,E1,Divya Reddy,7010000025,2026-03-25 22:41:00,84,sms,0,Dockside Ward
CDR00614,Y2,Santosh Kulkarni,7010000074,E1,Divya Reddy,7010000025,2026-03-29 17:54:00,88,sms,0,Industrial Estate Road
CDR00615,Y2,Santosh Kulkarni,7010000074,E1,Divya Reddy,7010000025,2026-03-30 12:07:00,89,sms,0,Lakeview Chowk
CDR00616,Y2,Santosh Kulkarni,7010000074,F1,Veer Gupta,7010000049,2026-01-07 20:54:00,7,voice,523,Eastgate
CDR00617,Y2,Santosh Kulkarni,7010000074,F1,Veer Gupta,7010000049,2026-02-01 09:30:00,32,voice,168,Station Road
CDR00618,Y2,Santosh Kulkarni,7010000074,F1,Veer Gupta,7010000049,2026-02-05 19:31:00,36,voice,587,Hilltop Society
CDR00619,Y2,Santosh Kulkarni,7010000074,F1,Veer Gupta,7010000049,2026-02-09 11:39:00,40,sms,0,Industrial Estate Road
CDR00620,Y2,Santosh Kulkarni,7010000074,F1,Veer Gupta,7010000049,2026-03-05 15:01:00,64,voice,28,New Colony
CDR00621,Y2,Santosh Kulkarni,7010000074,F1,Veer Gupta,7010000049,2026-03-15 22:48:00,74,voice,291,Eastgate
CDR00622,Y2,Santosh Kulkarni,7010000074,F1,Veer Gupta,7010000049,2026-03-20 18:47:00,79,voice,121,Warehouse District
CDR00623,Y2,Santosh Kulkarni,7010000074,F1,Veer Gupta,7010000049,2026-03-31 07:57:00,90,voice,179,Station Road
CDR00624,Y2,Santosh Kulkarni,7010000074,D1,Rajan Qureshi,7010000001,2026-01-06 13:49:00,6,voice,570,Industrial Estate Road
CDR00625,Y2,Santosh Kulkarni,7010000074,D1,Rajan Qureshi,7010000001,2026-01-18 08:42:00,18,voice,442,North Bypass
CDR00626,Y2,Santosh Kulkarni,7010000074,D1,Rajan Qureshi,7010000001,2026-01-25 23:58:00,25,voice,312,Lakeview Chowk
CDR00627,Y2,Santosh Kulkarni,7010000074,D1,Rajan Qureshi,7010000001,2026-01-27 20:08:00,27,voice,341,New Colony
CDR00628,Y2,Santosh Kulkarni,7010000074,D1,Rajan Qureshi,7010000001,2026-02-12 17:52:00,43,voice,110,Old Market Circle
CDR00629,Y2,Santosh Kulkarni,7010000074,D1,Rajan Qureshi,7010000001,2026-02-18 23:26:00,49,voice,245,Old Market Circle
CDR00630,Y2,Santosh Kulkarni,7010000074,D1,Rajan Qureshi,7010000001,2026-03-02 14:09:00,61,sms,0,New Colony
CDR00631,Y2,Santosh Kulkarni,7010000074,D1,Rajan Qureshi,7010000001,2026-03-08 22:41:00,67,voice,498,Lakeview Chowk
CDR00632,Y2,Santosh Kulkarni,7010000074,D1,Rajan Qureshi,7010000001,2026-03-10 16:29:00,69,voice,494,Old Market Circle
CDR00633,Y2,Santosh Kulkarni,7010000074,D1,Rajan Qureshi,7010000001,2026-03-20 12:25:00,79,voice,417,Industrial Estate Road
CDR00634,Y3,Siddharth Mehta,7010000075,D1,Rajan Qureshi,7010000001,2026-01-04 17:25:00,4,sms,0,Lakeview Chowk
CDR00635,Y3,Siddharth Mehta,7010000075,D1,Rajan Qureshi,7010000001,2026-01-06 13:08:00,6,voice,307,New Colony
CDR00636,Y3,Siddharth Mehta,7010000075,D1,Rajan Qureshi,7010000001,2026-01-16 11:22:00,16,voice,50,Warehouse District
CDR00637,Y3,Siddharth Mehta,7010000075,D1,Rajan Qureshi,7010000001,2026-01-22 15:55:00,22,sms,0,Station Road
CDR00638,Y3,Siddharth Mehta,7010000075,D1,Rajan Qureshi,7010000001,2026-01-23 22:15:00,23,voice,24,Dockside Ward
CDR00639,Y3,Siddharth Mehta,7010000075,D1,Rajan Qureshi,7010000001,2026-01-29 23:01:00,29,voice,124,North Bypass
CDR00640,Y3,Siddharth Mehta,7010000075,D1,Rajan Qureshi,7010000001,2026-01-31 18:14:00,31,voice,324,Lakeview Chowk
CDR00641,Y3,Siddharth Mehta,7010000075,D1,Rajan Qureshi,7010000001,2026-02-04 23:25:00,35,voice,580,Old Market Circle
CDR00642,Y3,Siddharth Mehta,7010000075,D1,Rajan Qureshi,7010000001,2026-02-08 22:23:00,39,sms,0,Industrial Estate Road
CDR00643,Y3,Siddharth Mehta,7010000075,D1,Rajan Qureshi,7010000001,2026-03-03 15:00:00,62,voice,457,Dockside Ward
CDR00644,Y3,Siddharth Mehta,7010000075,D1,Rajan Qureshi,7010000001,2026-03-07 20:16:00,66,voice,149,Eastgate
CDR00645,Y3,Siddharth Mehta,7010000075,D1,Rajan Qureshi,7010000001,2026-03-09 20:45:00,68,voice,523,Central Junction
CDR00646,Y3,Siddharth Mehta,7010000075,D1,Rajan Qureshi,7010000001,2026-03-24 21:12:00,83,voice,507,Dockside Ward
CDR00647,Y3,Siddharth Mehta,7010000075,D1,Rajan Qureshi,7010000001,2026-03-29 20:40:00,88,sms,0,Station Road
CDR00648,Y3,Siddharth Mehta,7010000075,E1,Divya Reddy,7010000025,2026-01-10 21:17:00,10,sms,0,Lakeview Chowk
CDR00649,Y3,Siddharth Mehta,7010000075,E1,Divya Reddy,7010000025,2026-01-13 22:16:00,13,voice,66,Industrial Estate Road
CDR00650,Y3,Siddharth Mehta,7010000075,E1,Divya Reddy,7010000025,2026-01-17 19:51:00,17,voice,134,New Colony
CDR00651,Y3,Siddharth Mehta,7010000075,E1,Divya Reddy,7010000025,2026-01-29 10:18:00,29,voice,55,Riverside Colony
CDR00652,Y3,Siddharth Mehta,7010000075,E1,Divya Reddy,7010000025,2026-02-06 07:17:00,37,voice,516,Hilltop Society
CDR00653,Y3,Siddharth Mehta,7010000075,E1,Divya Reddy,7010000025,2026-02-16 16:57:00,47,voice,44,Warehouse District
CDR00654,Y3,Siddharth Mehta,7010000075,E1,Divya Reddy,7010000025,2026-02-17 12:33:00,48,voice,461,Dockside Ward
CDR00655,Y3,Siddharth Mehta,7010000075,E1,Divya Reddy,7010000025,2026-02-21 18:19:00,52,voice,336,Riverside Colony
CDR00656,Y3,Siddharth Mehta,7010000075,E1,Divya Reddy,7010000025,2026-03-03 15:25:00,62,voice,455,Lakeview Chowk
CDR00657,Y3,Siddharth Mehta,7010000075,E1,Divya Reddy,7010000025,2026-03-07 11:57:00,66,sms,0,Station Road
CDR00658,Y3,Siddharth Mehta,7010000075,F1,Veer Gupta,7010000049,2026-01-19 07:44:00,19,voice,215,Dockside Ward
CDR00659,Y3,Siddharth Mehta,7010000075,F1,Veer Gupta,7010000049,2026-01-21 23:32:00,21,voice,25,Central Junction
CDR00660,Y3,Siddharth Mehta,7010000075,F1,Veer Gupta,7010000049,2026-01-31 16:25:00,31,sms,0,Station Road
CDR00661,Y3,Siddharth Mehta,7010000075,F1,Veer Gupta,7010000049,2026-02-01 13:41:00,32,voice,587,Old Market Circle
CDR00662,Y3,Siddharth Mehta,7010000075,F1,Veer Gupta,7010000049,2026-03-06 17:32:00,65,voice,369,Central Junction
CDR00663,Y3,Siddharth Mehta,7010000075,F1,Veer Gupta,7010000049,2026-03-09 19:22:00,68,voice,283,Eastgate
CDR00664,Y3,Siddharth Mehta,7010000075,F1,Veer Gupta,7010000049,2026-03-15 11:06:00,74,sms,0,Central Junction
CDR00665,Y3,Siddharth Mehta,7010000075,F1,Veer Gupta,7010000049,2026-03-21 07:32:00,80,voice,511,Industrial Estate Road
CDR00666,Y3,Siddharth Mehta,7010000075,F1,Veer Gupta,7010000049,2026-03-25 12:00:00,84,voice,146,Eastgate
CDR00667,Y4,Siddharth Verma,7010000076,D2,Vivaan Kulkarni,7010000002,2026-01-02 09:40:00,2,sms,0,North Bypass
CDR00668,Y4,Siddharth Verma,7010000076,D2,Vivaan Kulkarni,7010000002,2026-01-09 17:52:00,9,voice,406,Station Road
CDR00669,Y4,Siddharth Verma,7010000076,D2,Vivaan Kulkarni,7010000002,2026-01-18 10:48:00,18,voice,157,North Bypass
CDR00670,Y4,Siddharth Verma,7010000076,D2,Vivaan Kulkarni,7010000002,2026-02-02 18:57:00,33,voice,154,Lakeview Chowk
CDR00671,Y4,Siddharth Verma,7010000076,D2,Vivaan Kulkarni,7010000002,2026-02-08 09:15:00,39,voice,212,Hilltop Society
CDR00672,Y4,Siddharth Verma,7010000076,D2,Vivaan Kulkarni,7010000002,2026-03-07 09:58:00,66,voice,597,Dockside Ward
CDR00673,Y4,Siddharth Verma,7010000076,D2,Vivaan Kulkarni,7010000002,2026-03-17 18:18:00,76,voice,152,Industrial Estate Road
CDR00674,Y4,Siddharth Verma,7010000076,D2,Vivaan Kulkarni,7010000002,2026-03-31 13:04:00,90,voice,93,Warehouse District
CDR00675,Y4,Siddharth Verma,7010000076,E2,Tushar Mishra,7010000026,2026-01-05 11:22:00,5,voice,168,North Bypass
CDR00676,Y4,Siddharth Verma,7010000076,E2,Tushar Mishra,7010000026,2026-01-08 16:35:00,8,voice,80,Warehouse District
CDR00677,Y4,Siddharth Verma,7010000076,E2,Tushar Mishra,7010000026,2026-01-11 17:34:00,11,voice,185,Lakeview Chowk
CDR00678,Y4,Siddharth Verma,7010000076,E2,Tushar Mishra,7010000026,2026-01-27 15:31:00,27,voice,336,Riverside Colony
CDR00679,Y4,Siddharth Verma,7010000076,E2,Tushar Mishra,7010000026,2026-01-29 20:00:00,29,sms,0,Industrial Estate Road
CDR00680,Y4,Siddharth Verma,7010000076,E2,Tushar Mishra,7010000026,2026-02-05 09:38:00,36,voice,255,North Bypass
CDR00681,Y4,Siddharth Verma,7010000076,E2,Tushar Mishra,7010000026,2026-02-12 09:00:00,43,voice,152,Lakeview Chowk
CDR00682,Y4,Siddharth Verma,7010000076,E2,Tushar Mishra,7010000026,2026-03-02 12:38:00,61,voice,376,Eastgate
CDR00683,Y4,Siddharth Verma,7010000076,E2,Tushar Mishra,7010000026,2026-03-19 13:41:00,78,sms,0,Industrial Estate Road
CDR00684,Y4,Siddharth Verma,7010000076,E2,Tushar Mishra,7010000026,2026-03-29 17:28:00,88,voice,165,Central Junction
CDR00685,Y4,Siddharth Verma,7010000076,F2,Vivaan Chougule,7010000050,2026-01-01 08:25:00,1,voice,496,Industrial Estate Road
CDR00686,Y4,Siddharth Verma,7010000076,F2,Vivaan Chougule,7010000050,2026-01-03 07:06:00,3,voice,360,Dockside Ward
CDR00687,Y4,Siddharth Verma,7010000076,F2,Vivaan Chougule,7010000050,2026-01-06 15:35:00,6,sms,0,Warehouse District
CDR00688,Y4,Siddharth Verma,7010000076,F2,Vivaan Chougule,7010000050,2026-01-20 12:19:00,20,sms,0,Lakeview Chowk
CDR00689,Y4,Siddharth Verma,7010000076,F2,Vivaan Chougule,7010000050,2026-01-26 07:04:00,26,voice,237,Warehouse District
CDR00690,Y4,Siddharth Verma,7010000076,F2,Vivaan Chougule,7010000050,2026-01-27 13:25:00,27,voice,510,Warehouse District
CDR00691,Y4,Siddharth Verma,7010000076,F2,Vivaan Chougule,7010000050,2026-02-12 12:39:00,43,voice,579,Riverside Colony
CDR00692,Y4,Siddharth Verma,7010000076,F2,Vivaan Chougule,7010000050,2026-02-21 13:45:00,52,voice,224,Lakeview Chowk
CDR00693,Y4,Siddharth Verma,7010000076,F2,Vivaan Chougule,7010000050,2026-02-25 09:34:00,56,voice,596,Central Junction
CDR00694,Y4,Siddharth Verma,7010000076,F2,Vivaan Chougule,7010000050,2026-02-28 16:02:00,59,voice,60,New Colony
CDR00695,Y4,Siddharth Verma,7010000076,F2,Vivaan Chougule,7010000050,2026-03-04 14:40:00,63,voice,265,Eastgate
CDR00696,Y4,Siddharth Verma,7010000076,F2,Vivaan Chougule,7010000050,2026-03-10 20:40:00,69,voice,82,Riverside Colony
CDR00697,Y4,Siddharth Verma,7010000076,F2,Vivaan Chougule,7010000050,2026-03-12 19:02:00,71,sms,0,North Bypass
CDR00698,Y4,Siddharth Verma,7010000076,F2,Vivaan Chougule,7010000050,2026-03-16 18:02:00,75,voice,214,Riverside Colony
CDR00699,Y4,Siddharth Verma,7010000076,F2,Vivaan Chougule,7010000050,2026-03-17 09:13:00,76,sms,0,New Colony
CDR00700,Y4,Siddharth Verma,7010000076,F2,Vivaan Chougule,7010000050,2026-03-22 16:04:00,81,voice,471,Dockside Ward
CDR00701,Y5,Sameer Bhatia,7010000077,D13,Shaurya Qureshi,7010000013,2026-01-09 15:40:00,9,voice,90,Industrial Estate Road
CDR00702,Y5,Sameer Bhatia,7010000077,D13,Shaurya Qureshi,7010000013,2026-01-14 08:02:00,14,voice,317,Hilltop Society
CDR00703,Y5,Sameer Bhatia,7010000077,D13,Shaurya Qureshi,7010000013,2026-01-19 08:03:00,19,voice,124,Central Junction
CDR00704,Y5,Sameer Bhatia,7010000077,D13,Shaurya Qureshi,7010000013,2026-01-29 19:03:00,29,voice,95,Central Junction
CDR00705,Y5,Sameer Bhatia,7010000077,D13,Shaurya Qureshi,7010000013,2026-01-30 14:35:00,30,sms,0,Dockside Ward
CDR00706,Y5,Sameer Bhatia,7010000077,D13,Shaurya Qureshi,7010000013,2026-01-31 17:00:00,31,voice,312,Eastgate
CDR00707,Y5,Sameer Bhatia,7010000077,D13,Shaurya Qureshi,7010000013,2026-02-18 17:57:00,49,voice,412,Industrial Estate Road
CDR00708,Y5,Sameer Bhatia,7010000077,D13,Shaurya Qureshi,7010000013,2026-02-28 21:53:00,59,sms,0,Warehouse District
CDR00709,Y5,Sameer Bhatia,7010000077,D13,Shaurya Qureshi,7010000013,2026-03-08 07:18:00,67,sms,0,Central Junction
CDR00710,Y5,Sameer Bhatia,7010000077,D13,Shaurya Qureshi,7010000013,2026-03-09 16:14:00,68,voice,350,Dockside Ward
CDR00711,Y5,Sameer Bhatia,7010000077,D13,Shaurya Qureshi,7010000013,2026-03-10 21:30:00,69,voice,529,Dockside Ward
CDR00712,Y5,Sameer Bhatia,7010000077,D13,Shaurya Qureshi,7010000013,2026-03-11 19:39:00,70,voice,237,Station Road
CDR00713,Y5,Sameer Bhatia,7010000077,D13,Shaurya Qureshi,7010000013,2026-03-18 11:04:00,77,voice,255,North Bypass
CDR00714,Y5,Sameer Bhatia,7010000077,D13,Shaurya Qureshi,7010000013,2026-03-25 20:24:00,84,voice,581,New Colony
CDR00715,Y5,Sameer Bhatia,7010000077,D13,Shaurya Qureshi,7010000013,2026-03-26 08:02:00,85,sms,0,Hilltop Society
CDR00716,Y5,Sameer Bhatia,7010000077,D13,Shaurya Qureshi,7010000013,2026-03-31 08:13:00,90,sms,0,Eastgate
CDR00717,Y5,Sameer Bhatia,7010000077,E13,Kiran Sinha,7010000037,2026-01-11 22:43:00,11,voice,438,Warehouse District
CDR00718,Y5,Sameer Bhatia,7010000077,E13,Kiran Sinha,7010000037,2026-01-12 16:48:00,12,voice,99,Lakeview Chowk
CDR00719,Y5,Sameer Bhatia,7010000077,E13,Kiran Sinha,7010000037,2026-01-15 23:21:00,15,voice,511,New Colony
CDR00720,Y5,Sameer Bhatia,7010000077,E13,Kiran Sinha,7010000037,2026-01-18 21:34:00,18,sms,0,Warehouse District
CDR00721,Y5,Sameer Bhatia,7010000077,E13,Kiran Sinha,7010000037,2026-01-20 18:45:00,20,voice,386,Old Market Circle
CDR00722,Y5,Sameer Bhatia,7010000077,E13,Kiran Sinha,7010000037,2026-01-24 18:59:00,24,voice,120,Central Junction
CDR00723,Y5,Sameer Bhatia,7010000077,E13,Kiran Sinha,7010000037,2026-01-25 20:46:00,25,voice,484,Central Junction
CDR00724,Y5,Sameer Bhatia,7010000077,E13,Kiran Sinha,7010000037,2026-01-26 14:57:00,26,voice,58,Industrial Estate Road
CDR00725,Y5,Sameer Bhatia,7010000077,E13,Kiran Sinha,7010000037,2026-01-27 23:09:00,27,voice,241,Lakeview Chowk
CDR00726,Y5,Sameer Bhatia,7010000077,E13,Kiran Sinha,7010000037,2026-01-29 16:19:00,29,voice,294,Warehouse District
CDR00727,Y5,Sameer Bhatia,7010000077,E13,Kiran Sinha,7010000037,2026-02-02 12:01:00,33,voice,427,Old Market Circle
CDR00728,Y5,Sameer Bhatia,7010000077,E13,Kiran Sinha,7010000037,2026-02-24 09:47:00,55,voice,492,North Bypass
CDR00729,Y5,Sameer Bhatia,7010000077,E13,Kiran Sinha,7010000037,2026-02-25 10:22:00,56,voice,574,Old Market Circle
CDR00730,Y5,Sameer Bhatia,7010000077,E13,Kiran Sinha,7010000037,2026-03-08 21:01:00,67,voice,392,Lakeview Chowk
CDR00731,Y5,Sameer Bhatia,7010000077,E13,Kiran Sinha,7010000037,2026-03-27 18:57:00,86,voice,219,Lakeview Chowk
CDR00732,Y5,Sameer Bhatia,7010000077,F13,Dhruv Yadav,7010000061,2026-01-01 11:21:00,1,voice,378,Old Market Circle
CDR00733,Y5,Sameer Bhatia,7010000077,F13,Dhruv Yadav,7010000061,2026-01-05 19:53:00,5,voice,479,Old Market Circle
CDR00734,Y5,Sameer Bhatia,7010000077,F13,Dhruv Yadav,7010000061,2026-01-15 08:11:00,15,sms,0,Industrial Estate Road
CDR00735,Y5,Sameer Bhatia,7010000077,F13,Dhruv Yadav,7010000061,2026-01-18 22:41:00,18,sms,0,Central Junction
CDR00736,Y5,Sameer Bhatia,7010000077,F13,Dhruv Yadav,7010000061,2026-01-28 10:34:00,28,sms,0,Riverside Colony
CDR00737,Y5,Sameer Bhatia,7010000077,F13,Dhruv Yadav,7010000061,2026-02-04 20:12:00,35,voice,373,Dockside Ward
CDR00738,Y5,Sameer Bhatia,7010000077,F13,Dhruv Yadav,7010000061,2026-02-06 15:01:00,37,voice,141,North Bypass
CDR00739,Y5,Sameer Bhatia,7010000077,F13,Dhruv Yadav,7010000061,2026-02-25 10:55:00,56,voice,451,Dockside Ward
CDR00740,Y5,Sameer Bhatia,7010000077,F13,Dhruv Yadav,7010000061,2026-03-02 21:57:00,61,voice,291,Central Junction
CDR00741,Y5,Sameer Bhatia,7010000077,F13,Dhruv Yadav,7010000061,2026-03-27 19:56:00,86,voice,470,Old Market Circle
CDR00742,Y6,Veer Bansal,7010000078,E5,Imran Shah,7010000029,2026-01-05 11:22:00,5,voice,208,North Bypass
CDR00743,Y6,Veer Bansal,7010000078,E5,Imran Shah,7010000029,2026-01-21 09:43:00,21,sms,0,Hilltop Society
CDR00744,Y6,Veer Bansal,7010000078,E5,Imran Shah,7010000029,2026-02-01 15:50:00,32,voice,37,Central Junction
CDR00745,Y6,Veer Bansal,7010000078,E5,Imran Shah,7010000029,2026-02-07 23:50:00,38,voice,586,Eastgate
CDR00746,Y6,Veer Bansal,7010000078,E5,Imran Shah,7010000029,2026-02-08 23:42:00,39,voice,63,North Bypass
CDR00747,Y6,Veer Bansal,7010000078,E5,Imran Shah,7010000029,2026-02-09 20:51:00,40,voice,35,Riverside Colony
CDR00748,Y6,Veer Bansal,7010000078,E5,Imran Shah,7010000029,2026-03-01 20:27:00,60,voice,260,Eastgate
CDR00749,Y6,Veer Bansal,7010000078,E5,Imran Shah,7010000029,2026-03-08 08:28:00,67,voice,186,Dockside Ward
CDR00750,Y6,Veer Bansal,7010000078,E5,Imran Shah,7010000029,2026-03-12 18:08:00,71,voice,554,Old Market Circle
CDR00751,Y6,Veer Bansal,7010000078,E5,Imran Shah,7010000029,2026-03-28 19:52:00,87,voice,269,Hilltop Society
CDR00752,Y6,Veer Bansal,7010000078,E5,Imran Shah,7010000029,2026-03-29 15:08:00,88,sms,0,Industrial Estate Road
CDR00753,Y6,Veer Bansal,7010000078,F5,Rohan Thakur,7010000053,2026-01-06 17:16:00,6,sms,0,Warehouse District
CDR00754,Y6,Veer Bansal,7010000078,F5,Rohan Thakur,7010000053,2026-01-10 11:45:00,10,voice,353,Hilltop Society
CDR00755,Y6,Veer Bansal,7010000078,F5,Rohan Thakur,7010000053,2026-01-18 22:02:00,18,voice,169,Central Junction
CDR00756,Y6,Veer Bansal,7010000078,F5,Rohan Thakur,7010000053,2026-01-19 13:34:00,19,sms,0,Riverside Colony
CDR00757,Y6,Veer Bansal,7010000078,F5,Rohan Thakur,7010000053,2026-01-22 18:16:00,22,voice,418,Station Road
CDR00758,Y6,Veer Bansal,7010000078,F5,Rohan Thakur,7010000053,2026-02-03 12:58:00,34,voice,382,Warehouse District
CDR00759,Y6,Veer Bansal,7010000078,F5,Rohan Thakur,7010000053,2026-02-17 21:13:00,48,voice,254,Eastgate
CDR00760,Y6,Veer Bansal,7010000078,F5,Rohan Thakur,7010000053,2026-02-18 17:34:00,49,voice,285,Riverside Colony
CDR00761,Y6,Veer Bansal,7010000078,F5,Rohan Thakur,7010000053,2026-02-24 14:50:00,55,sms,0,Station Road
CDR00762,Y6,Veer Bansal,7010000078,F5,Rohan Thakur,7010000053,2026-03-14 13:44:00,73,voice,549,New Colony
CDR00763,Y6,Veer Bansal,7010000078,F5,Rohan Thakur,7010000053,2026-03-19 20:17:00,78,sms,0,Lakeview Chowk
CDR00764,Y6,Veer Bansal,7010000078,F5,Rohan Thakur,7010000053,2026-03-20 10:56:00,79,voice,82,Industrial Estate Road
CDR00765,Y6,Veer Bansal,7010000078,D5,Rahul Pathan,7010000005,2026-01-02 17:20:00,2,voice,427,Hilltop Society
CDR00766,Y6,Veer Bansal,7010000078,D5,Rahul Pathan,7010000005,2026-01-06 14:53:00,6,sms,0,New Colony
CDR00767,Y6,Veer Bansal,7010000078,D5,Rahul Pathan,7010000005,2026-01-11 21:46:00,11,sms,0,Riverside Colony
CDR00768,Y6,Veer Bansal,7010000078,D5,Rahul Pathan,7010000005,2026-01-12 11:05:00,12,voice,476,Old Market Circle
CDR00769,Y6,Veer Bansal,7010000078,D5,Rahul Pathan,7010000005,2026-01-28 18:25:00,28,voice,554,Old Market Circle
CDR00770,Y6,Veer Bansal,7010000078,D5,Rahul Pathan,7010000005,2026-02-01 10:04:00,32,sms,0,Warehouse District
CDR00771,Y6,Veer Bansal,7010000078,D5,Rahul Pathan,7010000005,2026-02-09 07:26:00,40,voice,415,Industrial Estate Road
CDR00772,Y6,Veer Bansal,7010000078,D5,Rahul Pathan,7010000005,2026-02-13 22:32:00,44,voice,22,Hilltop Society
CDR00773,Y6,Veer Bansal,7010000078,D5,Rahul Pathan,7010000005,2026-02-23 20:47:00,54,voice,554,Eastgate
CDR00774,Y6,Veer Bansal,7010000078,D5,Rahul Pathan,7010000005,2026-02-28 17:24:00,59,voice,21,Hilltop Society
CDR00775,Y6,Veer Bansal,7010000078,D5,Rahul Pathan,7010000005,2026-03-19 22:31:00,78,sms,0,Hilltop Society
CDR00776,Y6,Veer Bansal,7010000078,D5,Rahul Pathan,7010000005,2026-03-21 08:15:00,80,voice,335,Riverside Colony
CDR00777,Y6,Veer Bansal,7010000078,D5,Rahul Pathan,7010000005,2026-03-23 07:07:00,82,voice,277,Lakeview Chowk
CDR00778,D22,Rajan Sharma,7010000022,D3,Rajesh Ansari,7010000003,2026-01-15 20:11:00,15,voice,581,Central Junction
CDR00779,D22,Rajan Sharma,7010000022,D3,Rajesh Ansari,7010000003,2026-01-31 16:23:00,31,voice,345,North Bypass
CDR00780,D22,Rajan Sharma,7010000022,D3,Rajesh Ansari,7010000003,2026-02-10 11:51:00,41,voice,290,New Colony
CDR00781,D22,Rajan Sharma,7010000022,D3,Rajesh Ansari,7010000003,2026-02-11 07:00:00,42,voice,105,Station Road
CDR00782,D22,Rajan Sharma,7010000022,D3,Rajesh Ansari,7010000003,2026-02-14 18:22:00,45,voice,190,North Bypass
CDR00783,D22,Rajan Sharma,7010000022,D3,Rajesh Ansari,7010000003,2026-03-04 17:47:00,63,voice,402,Warehouse District
CDR00784,D22,Rajan Sharma,7010000022,D3,Rajesh Ansari,7010000003,2026-03-10 13:54:00,69,voice,240,Industrial Estate Road
CDR00785,D22,Rajan Sharma,7010000022,D3,Rajesh Ansari,7010000003,2026-03-11 10:09:00,70,sms,0,Dockside Ward
CDR00786,D22,Rajan Sharma,7010000022,D3,Rajesh Ansari,7010000003,2026-03-17 20:17:00,76,voice,534,Riverside Colony
CDR00787,D22,Rajan Sharma,7010000022,D3,Rajesh Ansari,7010000003,2026-03-20 17:02:00,79,voice,597,Old Market Circle
CDR00788,D22,Rajan Sharma,7010000022,D3,Rajesh Ansari,7010000003,2026-03-22 18:47:00,81,voice,444,Warehouse District
CDR00789,D19,Vikram Deshmukh,7010000019,D18,Harshit Iyer,7010000018,2026-01-09 17:10:00,9,voice,124,Lakeview Chowk
CDR00790,D19,Vikram Deshmukh,7010000019,D18,Harshit Iyer,7010000018,2026-01-17 17:58:00,17,voice,492,Dockside Ward
CDR00791,D19,Vikram Deshmukh,7010000019,D18,Harshit Iyer,7010000018,2026-01-22 09:37:00,22,sms,0,Riverside Colony
CDR00792,D19,Vikram Deshmukh,7010000019,D18,Harshit Iyer,7010000018,2026-02-05 14:07:00,36,sms,0,Dockside Ward
CDR00793,D19,Vikram Deshmukh,7010000019,D18,Harshit Iyer,7010000018,2026-02-12 11:22:00,43,voice,293,North Bypass
CDR00794,D19,Vikram Deshmukh,7010000019,D18,Harshit Iyer,7010000018,2026-02-15 16:53:00,46,voice,540,Old Market Circle
CDR00795,D19,Vikram Deshmukh,7010000019,D18,Harshit Iyer,7010000018,2026-02-25 16:00:00,56,voice,146,Station Road
CDR00796,D19,Vikram Deshmukh,7010000019,D18,Harshit Iyer,7010000018,2026-02-28 15:11:00,59,voice,261,New Colony
CDR00797,D19,Vikram Deshmukh,7010000019,D18,Harshit Iyer,7010000018,2026-03-01 13:34:00,60,voice,244,New Colony
CDR00798,D19,Vikram Deshmukh,7010000019,D18,Harshit Iyer,7010000018,2026-03-12 23:17:00,71,sms,0,Eastgate
CDR00799,D19,Vikram Deshmukh,7010000019,D18,Harshit Iyer,7010000018,2026-03-14 13:09:00,73,sms,0,North Bypass
CDR00800,D19,Vikram Deshmukh,7010000019,D18,Harshit Iyer,7010000018,2026-03-15 22:27:00,74,voice,594,Eastgate
CDR00801,D19,Vikram Deshmukh,7010000019,D18,Harshit Iyer,7010000018,2026-03-17 19:38:00,76,voice,22,Warehouse District
CDR00802,D19,Vikram Deshmukh,7010000019,D18,Harshit Iyer,7010000018,2026-03-18 23:28:00,77,voice,119,Riverside Colony
CDR00803,D19,Vikram Deshmukh,7010000019,D18,Harshit Iyer,7010000018,2026-03-25 07:23:00,84,voice,450,Industrial Estate Road
CDR00804,D16,Ansh Menon,7010000016,D5,Rahul Pathan,7010000005,2026-01-03 12:42:00,3,voice,136,New Colony
CDR00805,D16,Ansh Menon,7010000016,D5,Rahul Pathan,7010000005,2026-01-16 23:30:00,16,voice,305,Hilltop Society
CDR00806,D16,Ansh Menon,7010000016,D5,Rahul Pathan,7010000005,2026-02-07 12:22:00,38,voice,301,Lakeview Chowk
CDR00807,D16,Ansh Menon,7010000016,D5,Rahul Pathan,7010000005,2026-02-23 22:27:00,54,voice,582,New Colony
CDR00808,D16,Ansh Menon,7010000016,D5,Rahul Pathan,7010000005,2026-02-26 16:47:00,57,voice,510,Warehouse District
CDR00809,D16,Ansh Menon,7010000016,D5,Rahul Pathan,7010000005,2026-02-27 17:16:00,58,sms,0,Hilltop Society
CDR00810,D16,Ansh Menon,7010000016,D5,Rahul Pathan,7010000005,2026-03-03 07:26:00,62,voice,92,New Colony
CDR00811,D16,Ansh Menon,7010000016,D5,Rahul Pathan,7010000005,2026-03-04 17:07:00,63,voice,419,Hilltop Society
CDR00812,D16,Ansh Menon,7010000016,D5,Rahul Pathan,7010000005,2026-03-18 21:26:00,77,voice,140,Hilltop Society
CDR00813,D16,Ansh Menon,7010000016,D5,Rahul Pathan,7010000005,2026-03-31 18:16:00,90,sms,0,Central Junction
CDR00814,D21,Sunil Shaikh,7010000021,D11,Pooja Reddy,7010000011,2026-01-02 23:12:00,2,voice,201,Industrial Estate Road
CDR00815,D21,Sunil Shaikh,7010000021,D11,Pooja Reddy,7010000011,2026-01-06 22:54:00,6,voice,576,North Bypass
CDR00816,D21,Sunil Shaikh,7010000021,D11,Pooja Reddy,7010000011,2026-01-09 10:01:00,9,voice,153,Industrial Estate Road
CDR00817,D21,Sunil Shaikh,7010000021,D11,Pooja Reddy,7010000011,2026-01-11 15:57:00,11,voice,236,Industrial Estate Road
CDR00818,D21,Sunil Shaikh,7010000021,D11,Pooja Reddy,7010000011,2026-01-14 10:27:00,14,voice,480,New Colony
CDR00819,D21,Sunil Shaikh,7010000021,D11,Pooja Reddy,7010000011,2026-02-11 17:17:00,42,voice,221,Central Junction
CDR00820,D21,Sunil Shaikh,7010000021,D11,Pooja Reddy,7010000011,2026-02-18 08:27:00,49,voice,154,New Colony
CDR00821,D21,Sunil Shaikh,7010000021,D11,Pooja Reddy,7010000011,2026-02-25 16:56:00,56,sms,0,Station Road
CDR00822,D21,Sunil Shaikh,7010000021,D11,Pooja Reddy,7010000011,2026-02-26 20:46:00,57,voice,244,Industrial Estate Road
CDR00823,D21,Sunil Shaikh,7010000021,D11,Pooja Reddy,7010000011,2026-03-07 09:06:00,66,sms,0,North Bypass
CDR00824,D21,Sunil Shaikh,7010000021,D11,Pooja Reddy,7010000011,2026-03-30 11:59:00,89,voice,228,Riverside Colony
CDR00825,D21,Sunil Shaikh,7010000021,D4,Sameer Nair,7010000004,2026-01-01 09:56:00,1,voice,383,North Bypass
CDR00826,D21,Sunil Shaikh,7010000021,D4,Sameer Nair,7010000004,2026-01-06 13:14:00,6,sms,0,Dockside Ward
CDR00827,D21,Sunil Shaikh,7010000021,D4,Sameer Nair,7010000004,2026-01-09 23:36:00,9,sms,0,Lakeview Chowk
CDR00828,D21,Sunil Shaikh,7010000021,D4,Sameer Nair,7010000004,2026-01-14 07:01:00,14,voice,509,Hilltop Society
CDR00829,D21,Sunil Shaikh,7010000021,D4,Sameer Nair,7010000004,2026-01-15 07:41:00,15,voice,202,Hilltop Society
CDR00830,D21,Sunil Shaikh,7010000021,D4,Sameer Nair,7010000004,2026-01-17 16:40:00,17,voice,468,North Bypass
CDR00831,D21,Sunil Shaikh,7010000021,D4,Sameer Nair,7010000004,2026-01-23 09:33:00,23,voice,556,Station Road
CDR00832,D21,Sunil Shaikh,7010000021,D4,Sameer Nair,7010000004,2026-01-24 18:14:00,24,sms,0,Station Road
CDR00833,D21,Sunil Shaikh,7010000021,D4,Sameer Nair,7010000004,2026-02-10 11:29:00,41,sms,0,Eastgate
CDR00834,D21,Sunil Shaikh,7010000021,D4,Sameer Nair,7010000004,2026-02-11 11:16:00,42,voice,574,Station Road
CDR00835,D21,Sunil Shaikh,7010000021,D4,Sameer Nair,7010000004,2026-03-07 20:42:00,66,voice,566,Old Market Circle
CDR00836,D21,Sunil Shaikh,7010000021,D4,Sameer Nair,7010000004,2026-03-08 11:21:00,67,voice,185,Warehouse District
CDR00837,D21,Sunil Shaikh,7010000021,D4,Sameer Nair,7010000004,2026-03-16 20:58:00,75,voice,151,North Bypass
CDR00838,D21,Sunil Shaikh,7010000021,D4,Sameer Nair,7010000004,2026-03-19 16:18:00,78,voice,259,Hilltop Society
CDR00839,D21,Sunil Shaikh,7010000021,D7,Sameer Pandey,7010000007,2026-01-06 23:51:00,6,voice,341,Dockside Ward
CDR00840,D21,Sunil Shaikh,7010000021,D7,Sameer Pandey,7010000007,2026-01-17 17:00:00,17,voice,125,Industrial Estate Road
CDR00841,D21,Sunil Shaikh,7010000021,D7,Sameer Pandey,7010000007,2026-01-20 20:56:00,20,voice,529,Lakeview Chowk
CDR00842,D21,Sunil Shaikh,7010000021,D7,Sameer Pandey,7010000007,2026-01-21 07:39:00,21,voice,571,Central Junction
CDR00843,D21,Sunil Shaikh,7010000021,D7,Sameer Pandey,7010000007,2026-01-28 15:47:00,28,voice,477,Station Road
CDR00844,D21,Sunil Shaikh,7010000021,D7,Sameer Pandey,7010000007,2026-01-29 13:40:00,29,voice,326,Industrial Estate Road
CDR00845,D21,Sunil Shaikh,7010000021,D7,Sameer Pandey,7010000007,2026-01-31 17:12:00,31,voice,202,Riverside Colony
CDR00846,D21,Sunil Shaikh,7010000021,D7,Sameer Pandey,7010000007,2026-02-05 16:57:00,36,voice,577,North Bypass
CDR00847,D21,Sunil Shaikh,7010000021,D7,Sameer Pandey,7010000007,2026-02-22 16:50:00,53,sms,0,Riverside Colony
CDR00848,D21,Sunil Shaikh,7010000021,D7,Sameer Pandey,7010000007,2026-03-02 18:04:00,61,voice,104,Central Junction
CDR00849,D21,Sunil Shaikh,7010000021,D7,Sameer Pandey,7010000007,2026-03-03 08:20:00,62,voice,79,Old Market Circle
CDR00850,D21,Sunil Shaikh,7010000021,D7,Sameer Pandey,7010000007,2026-03-06 13:14:00,65,sms,0,North Bypass
CDR00851,D21,Sunil Shaikh,7010000021,D7,Sameer Pandey,7010000007,2026-03-21 21:28:00,80,voice,403,New Colony
CDR00852,D5,Rahul Pathan,7010000005,D9,Kavita Baig,7010000009,2026-01-22 18:07:00,22,voice,84,Riverside Colony
CDR00853,D5,Rahul Pathan,7010000005,D9,Kavita Baig,7010000009,2026-01-23 16:34:00,23,voice,551,Dockside Ward
CDR00854,D5,Rahul Pathan,7010000005,D9,Kavita Baig,7010000009,2026-01-30 14:21:00,30,voice,349,New Colony
CDR00855,D5,Rahul Pathan,7010000005,D9,Kavita Baig,7010000009,2026-02-14 07:21:00,45,voice,464,New Colony
CDR00856,D5,Rahul Pathan,7010000005,D9,Kavita Baig,7010000009,2026-02-21 14:27:00,52,voice,491,Hilltop Society
CDR00857,D5,Rahul Pathan,7010000005,D9,Kavita Baig,7010000009,2026-03-15 12:55:00,74,voice,210,Warehouse District
CDR00858,D5,Rahul Pathan,7010000005,D9,Kavita Baig,7010000009,2026-03-23 22:58:00,82,voice,368,Riverside Colony
CDR00859,D5,Rahul Pathan,7010000005,D9,Kavita Baig,7010000009,2026-03-30 21:07:00,89,sms,0,Hilltop Society
CDR00860,D5,Rahul Pathan,7010000005,D9,Kavita Baig,7010000009,2026-03-31 21:31:00,90,voice,398,Industrial Estate Road
CDR00861,D19,Vikram Deshmukh,7010000019,D2,Vivaan Kulkarni,7010000002,2026-01-02 07:41:00,2,voice,163,Warehouse District
CDR00862,D19,Vikram Deshmukh,7010000019,D2,Vivaan Kulkarni,7010000002,2026-01-03 19:07:00,3,voice,71,Lakeview Chowk
CDR00863,D19,Vikram Deshmukh,7010000019,D2,Vivaan Kulkarni,7010000002,2026-01-05 21:50:00,5,voice,54,Dockside Ward
CDR00864,D19,Vikram Deshmukh,7010000019,D2,Vivaan Kulkarni,7010000002,2026-01-11 10:25:00,11,voice,308,Dockside Ward
CDR00865,D19,Vikram Deshmukh,7010000019,D2,Vivaan Kulkarni,7010000002,2026-01-14 08:06:00,14,voice,346,Eastgate
CDR00866,D19,Vikram Deshmukh,7010000019,D2,Vivaan Kulkarni,7010000002,2026-01-17 22:51:00,17,voice,103,North Bypass
CDR00867,D19,Vikram Deshmukh,7010000019,D2,Vivaan Kulkarni,7010000002,2026-01-20 08:56:00,20,voice,401,Industrial Estate Road
CDR00868,D19,Vikram Deshmukh,7010000019,D2,Vivaan Kulkarni,7010000002,2026-01-22 20:52:00,22,voice,281,Industrial Estate Road
CDR00869,D19,Vikram Deshmukh,7010000019,D2,Vivaan Kulkarni,7010000002,2026-02-01 07:15:00,32,voice,20,Hilltop Society
CDR00870,D19,Vikram Deshmukh,7010000019,D2,Vivaan Kulkarni,7010000002,2026-02-09 20:27:00,40,voice,138,Dockside Ward
CDR00871,D19,Vikram Deshmukh,7010000019,D2,Vivaan Kulkarni,7010000002,2026-02-21 14:09:00,52,voice,586,Dockside Ward
CDR00872,D19,Vikram Deshmukh,7010000019,D2,Vivaan Kulkarni,7010000002,2026-03-01 11:57:00,60,voice,594,Industrial Estate Road
CDR00873,D19,Vikram Deshmukh,7010000019,D2,Vivaan Kulkarni,7010000002,2026-03-03 08:58:00,62,voice,427,Riverside Colony
CDR00874,D19,Vikram Deshmukh,7010000019,D2,Vivaan Kulkarni,7010000002,2026-03-10 11:53:00,69,sms,0,Industrial Estate Road
CDR00875,D19,Vikram Deshmukh,7010000019,D2,Vivaan Kulkarni,7010000002,2026-03-27 17:59:00,86,voice,185,North Bypass
CDR00876,E23,Ashok Yadav,7010000047,E9,Rohan Malik,7010000033,2026-01-02 13:00:00,2,voice,465,North Bypass
CDR00877,E23,Ashok Yadav,7010000047,E9,Rohan Malik,7010000033,2026-01-03 21:55:00,3,sms,0,Central Junction
CDR00878,E23,Ashok Yadav,7010000047,E9,Rohan Malik,7010000033,2026-01-10 14:49:00,10,voice,541,Riverside Colony
CDR00879,E23,Ashok Yadav,7010000047,E9,Rohan Malik,7010000033,2026-01-16 17:52:00,16,voice,447,Lakeview Chowk
CDR00880,E23,Ashok Yadav,7010000047,E9,Rohan Malik,7010000033,2026-01-20 17:16:00,20,voice,43,Industrial Estate Road
CDR00881,E23,Ashok Yadav,7010000047,E9,Rohan Malik,7010000033,2026-01-29 10:07:00,29,voice,124,Station Road
CDR00882,E23,Ashok Yadav,7010000047,E9,Rohan Malik,7010000033,2026-02-04 21:55:00,35,voice,380,Central Junction
CDR00883,E23,Ashok Yadav,7010000047,E9,Rohan Malik,7010000033,2026-03-15 20:29:00,74,voice,292,North Bypass
CDR00884,E23,Ashok Yadav,7010000047,E9,Rohan Malik,7010000033,2026-03-19 23:28:00,78,voice,57,Old Market Circle
CDR00885,E13,Kiran Sinha,7010000037,E8,Arjun Shah,7010000032,2026-01-15 10:43:00,15,voice,153,Lakeview Chowk
CDR00886,E13,Kiran Sinha,7010000037,E8,Arjun Shah,7010000032,2026-01-21 09:02:00,21,voice,367,Warehouse District
CDR00887,E13,Kiran Sinha,7010000037,E8,Arjun Shah,7010000032,2026-01-30 13:46:00,30,voice,212,Station Road
CDR00888,E13,Kiran Sinha,7010000037,E8,Arjun Shah,7010000032,2026-02-07 15:06:00,38,voice,79,Hilltop Society
CDR00889,E13,Kiran Sinha,7010000037,E8,Arjun Shah,7010000032,2026-02-19 22:16:00,50,voice,416,New Colony
CDR00890,E13,Kiran Sinha,7010000037,E8,Arjun Shah,7010000032,2026-02-20 13:36:00,51,sms,0,Warehouse District
CDR00891,E13,Kiran Sinha,7010000037,E8,Arjun Shah,7010000032,2026-02-24 15:12:00,55,voice,179,Riverside Colony
CDR00892,E13,Kiran Sinha,7010000037,E8,Arjun Shah,7010000032,2026-03-30 14:40:00,89,voice,331,Dockside Ward
CDR00893,E21,Mohan Sharma,7010000045,E13,Kiran Sinha,7010000037,2026-01-03 21:13:00,3,sms,0,Hilltop Society
CDR00894,E21,Mohan Sharma,7010000045,E13,Kiran Sinha,7010000037,2026-01-06 22:38:00,6,sms,0,Eastgate
CDR00895,E21,Mohan Sharma,7010000045,E13,Kiran Sinha,7010000037,2026-01-09 10:06:00,9,voice,594,Old Market Circle
CDR00896,E21,Mohan Sharma,7010000045,E13,Kiran Sinha,7010000037,2026-01-10 21:16:00,10,voice,34,North Bypass
CDR00897,E21,Mohan Sharma,7010000045,E13,Kiran Sinha,7010000037,2026-01-14 08:59:00,14,voice,523,Warehouse District
CDR00898,E21,Mohan Sharma,7010000045,E13,Kiran Sinha,7010000037,2026-02-05 16:07:00,36,voice,561,Station Road
CDR00899,E21,Mohan Sharma,7010000045,E13,Kiran Sinha,7010000037,2026-02-21 20:57:00,52,voice,452,Old Market Circle
CDR00900,E21,Mohan Sharma,7010000045,E13,Kiran Sinha,7010000037,2026-02-22 18:22:00,53,voice,424,North Bypass
CDR00901,E21,Mohan Sharma,7010000045,E13,Kiran Sinha,7010000037,2026-03-01 22:26:00,60,voice,233,Station Road
CDR00902,E21,Mohan Sharma,7010000045,E13,Kiran Sinha,7010000037,2026-03-04 19:51:00,63,voice,70,Station Road
CDR00903,E3,Rajan Mishra,7010000027,E9,Rohan Malik,7010000033,2026-01-01 08:46:00,1,voice,149,Old Market Circle
CDR00904,E3,Rajan Mishra,7010000027,E9,Rohan Malik,7010000033,2026-01-08 17:05:00,8,voice,329,Industrial Estate Road
CDR00905,E3,Rajan Mishra,7010000027,E9,Rohan Malik,7010000033,2026-01-12 22:50:00,12,voice,193,Dockside Ward
CDR00906,E3,Rajan Mishra,7010000027,E9,Rohan Malik,7010000033,2026-01-22 09:09:00,22,voice,177,Station Road
CDR00907,E3,Rajan Mishra,7010000027,E9,Rohan Malik,7010000033,2026-02-03 07:20:00,34,voice,505,Station Road
CDR00908,E3,Rajan Mishra,7010000027,E9,Rohan Malik,7010000033,2026-02-08 14:17:00,39,voice,416,Station Road
CDR00909,E3,Rajan Mishra,7010000027,E9,Rohan Malik,7010000033,2026-02-12 11:07:00,43,voice,423,Central Junction
CDR00910,E3,Rajan Mishra,7010000027,E9,Rohan Malik,7010000033,2026-02-23 21:23:00,54,voice,312,North Bypass
CDR00911,E3,Rajan Mishra,7010000027,E9,Rohan Malik,7010000033,2026-03-15 23:55:00,74,sms,0,Riverside Colony
CDR00912,E3,Rajan Mishra,7010000027,E9,Rohan Malik,7010000033,2026-03-20 20:44:00,79,voice,329,Lakeview Chowk
CDR00913,E3,Rajan Mishra,7010000027,E9,Rohan Malik,7010000033,2026-03-23 13:34:00,82,sms,0,Lakeview Chowk
CDR00914,E1,Divya Reddy,7010000025,E7,Gautam Salunkhe,7010000031,2026-01-03 17:49:00,3,sms,0,New Colony
CDR00915,E1,Divya Reddy,7010000025,E7,Gautam Salunkhe,7010000031,2026-01-13 23:07:00,13,voice,535,Eastgate
CDR00916,E1,Divya Reddy,7010000025,E7,Gautam Salunkhe,7010000031,2026-01-15 14:40:00,15,voice,114,Eastgate
CDR00917,E1,Divya Reddy,7010000025,E7,Gautam Salunkhe,7010000031,2026-02-03 18:23:00,34,voice,429,Dockside Ward
CDR00918,E1,Divya Reddy,7010000025,E7,Gautam Salunkhe,7010000031,2026-02-22 13:12:00,53,sms,0,Old Market Circle
CDR00919,E1,Divya Reddy,7010000025,E7,Gautam Salunkhe,7010000031,2026-02-23 18:06:00,54,voice,488,New Colony
CDR00920,E1,Divya Reddy,7010000025,E7,Gautam Salunkhe,7010000031,2026-02-25 12:05:00,56,voice,67,New Colony
CDR00921,E1,Divya Reddy,7010000025,E7,Gautam Salunkhe,7010000031,2026-03-03 16:01:00,62,sms,0,Dockside Ward
CDR00922,E1,Divya Reddy,7010000025,E7,Gautam Salunkhe,7010000031,2026-03-10 14:32:00,69,voice,297,New Colony
CDR00923,E1,Divya Reddy,7010000025,E7,Gautam Salunkhe,7010000031,2026-03-15 15:15:00,74,voice,190,New Colony
CDR00924,E1,Divya Reddy,7010000025,E7,Gautam Salunkhe,7010000031,2026-03-19 20:53:00,78,voice,573,Industrial Estate Road
CDR00925,E1,Divya Reddy,7010000025,E7,Gautam Salunkhe,7010000031,2026-03-22 22:25:00,81,voice,531,Central Junction
CDR00926,E21,Mohan Sharma,7010000045,E17,Vivaan Patel,7010000041,2026-01-09 20:24:00,9,voice,21,Industrial Estate Road
CDR00927,E21,Mohan Sharma,7010000045,E17,Vivaan Patel,7010000041,2026-01-16 16:14:00,16,sms,0,Central Junction
CDR00928,E21,Mohan Sharma,7010000045,E17,Vivaan Patel,7010000041,2026-02-02 12:20:00,33,voice,367,Riverside Colony
CDR00929,E21,Mohan Sharma,7010000045,E17,Vivaan Patel,7010000041,2026-02-03 09:05:00,34,voice,209,Hilltop Society
CDR00930,E21,Mohan Sharma,7010000045,E17,Vivaan Patel,7010000041,2026-02-04 09:24:00,35,voice,350,Old Market Circle
CDR00931,E21,Mohan Sharma,7010000045,E17,Vivaan Patel,7010000041,2026-02-06 23:32:00,37,sms,0,Central Junction
CDR00932,E21,Mohan Sharma,7010000045,E17,Vivaan Patel,7010000041,2026-02-08 13:11:00,39,voice,418,Station Road
CDR00933,E21,Mohan Sharma,7010000045,E17,Vivaan Patel,7010000041,2026-02-13 20:46:00,44,voice,290,Dockside Ward
CDR00934,E21,Mohan Sharma,7010000045,E17,Vivaan Patel,7010000041,2026-02-16 16:56:00,47,voice,159,Riverside Colony
CDR00935,E21,Mohan Sharma,7010000045,E17,Vivaan Patel,7010000041,2026-02-23 18:18:00,54,voice,62,Station Road
CDR00936,E21,Mohan Sharma,7010000045,E17,Vivaan Patel,7010000041,2026-03-03 10:16:00,62,voice,549,Hilltop Society
CDR00937,E21,Mohan Sharma,7010000045,E17,Vivaan Patel,7010000041,2026-03-09 17:32:00,68,voice,249,Station Road
CDR00938,E7,Gautam Salunkhe,7010000031,E6,Javed Kamble,7010000030,2026-01-08 08:48:00,8,sms,0,Riverside Colony
CDR00939,E7,Gautam Salunkhe,7010000031,E6,Javed Kamble,7010000030,2026-01-14 08:37:00,14,voice,217,Lakeview Chowk
CDR00940,E7,Gautam Salunkhe,7010000031,E6,Javed Kamble,7010000030,2026-01-19 18:23:00,19,voice,332,Hilltop Society
CDR00941,E7,Gautam Salunkhe,7010000031,E6,Javed Kamble,7010000030,2026-01-27 20:40:00,27,sms,0,Old Market Circle
CDR00942,E7,Gautam Salunkhe,7010000031,E6,Javed Kamble,7010000030,2026-01-31 10:05:00,31,voice,133,Riverside Colony
CDR00943,E7,Gautam Salunkhe,7010000031,E6,Javed Kamble,7010000030,2026-02-07 18:20:00,38,voice,120,Dockside Ward
CDR00944,E7,Gautam Salunkhe,7010000031,E6,Javed Kamble,7010000030,2026-02-12 20:05:00,43,voice,504,Industrial Estate Road
CDR00945,E7,Gautam Salunkhe,7010000031,E6,Javed Kamble,7010000030,2026-02-15 16:34:00,46,voice,21,Industrial Estate Road
CDR00946,E7,Gautam Salunkhe,7010000031,E6,Javed Kamble,7010000030,2026-03-16 12:53:00,75,voice,503,North Bypass
CDR00947,E7,Gautam Salunkhe,7010000031,E6,Javed Kamble,7010000030,2026-03-19 08:11:00,78,voice,145,Central Junction
CDR00948,E7,Gautam Salunkhe,7010000031,E6,Javed Kamble,7010000030,2026-03-25 09:45:00,84,sms,0,Industrial Estate Road
CDR00949,E7,Gautam Salunkhe,7010000031,E6,Javed Kamble,7010000030,2026-03-27 14:16:00,86,sms,0,Eastgate
CDR00950,E7,Gautam Salunkhe,7010000031,E6,Javed Kamble,7010000030,2026-03-28 13:39:00,87,voice,482,Station Road
CDR00951,E7,Gautam Salunkhe,7010000031,E6,Javed Kamble,7010000030,2026-03-29 18:15:00,88,sms,0,Riverside Colony
CDR00952,E7,Gautam Salunkhe,7010000031,E6,Javed Kamble,7010000030,2026-03-30 23:54:00,89,voice,537,Industrial Estate Road
CDR00953,E22,Reyansh Jain,7010000046,E11,Kavita Sawant,7010000035,2026-01-01 23:29:00,1,sms,0,North Bypass
CDR00954,E22,Reyansh Jain,7010000046,E11,Kavita Sawant,7010000035,2026-01-27 14:16:00,27,voice,83,Station Road
CDR00955,E22,Reyansh Jain,7010000046,E11,Kavita Sawant,7010000035,2026-02-06 23:35:00,37,voice,475,Old Market Circle
CDR00956,E22,Reyansh Jain,7010000046,E11,Kavita Sawant,7010000035,2026-02-12 23:19:00,43,sms,0,New Colony
CDR00957,E22,Reyansh Jain,7010000046,E11,Kavita Sawant,7010000035,2026-02-13 08:19:00,44,voice,91,Central Junction
CDR00958,E22,Reyansh Jain,7010000046,E11,Kavita Sawant,7010000035,2026-02-24 23:05:00,55,voice,365,Station Road
CDR00959,E22,Reyansh Jain,7010000046,E11,Kavita Sawant,7010000035,2026-03-11 08:26:00,70,voice,230,New Colony
CDR00960,E22,Reyansh Jain,7010000046,E11,Kavita Sawant,7010000035,2026-03-25 19:46:00,84,voice,265,Central Junction
CDR00961,F6,Alok Jain,7010000054,F3,Sameer Menon,7010000051,2026-01-03 20:07:00,3,voice,557,Station Road
CDR00962,F6,Alok Jain,7010000054,F3,Sameer Menon,7010000051,2026-01-04 22:56:00,4,voice,466,Dockside Ward
CDR00963,F6,Alok Jain,7010000054,F3,Sameer Menon,7010000051,2026-01-05 20:09:00,5,voice,318,Warehouse District
CDR00964,F6,Alok Jain,7010000054,F3,Sameer Menon,7010000051,2026-01-08 08:51:00,8,voice,188,Station Road
CDR00965,F6,Alok Jain,7010000054,F3,Sameer Menon,7010000051,2026-01-17 15:51:00,17,voice,197,Hilltop Society
CDR00966,F6,Alok Jain,7010000054,F3,Sameer Menon,7010000051,2026-01-18 08:27:00,18,voice,175,North Bypass
CDR00967,F6,Alok Jain,7010000054,F3,Sameer Menon,7010000051,2026-01-26 14:28:00,26,voice,535,Dockside Ward
CDR00968,F6,Alok Jain,7010000054,F3,Sameer Menon,7010000051,2026-01-30 11:17:00,30,voice,370,Warehouse District
CDR00969,F6,Alok Jain,7010000054,F3,Sameer Menon,7010000051,2026-02-02 20:57:00,33,voice,162,New Colony
CDR00970,F6,Alok Jain,7010000054,F3,Sameer Menon,7010000051,2026-02-22 09:12:00,53,voice,227,Lakeview Chowk
CDR00971,F6,Alok Jain,7010000054,F3,Sameer Menon,7010000051,2026-03-07 11:26:00,66,sms,0,Old Market Circle
CDR00972,F6,Alok Jain,7010000054,F3,Sameer Menon,7010000051,2026-03-12 20:52:00,71,voice,439,New Colony
CDR00973,F6,Alok Jain,7010000054,F3,Sameer Menon,7010000051,2026-03-22 22:39:00,81,voice,37,Industrial Estate Road
CDR00974,F6,Alok Jain,7010000054,F3,Sameer Menon,7010000051,2026-03-30 15:47:00,89,sms,0,Riverside Colony
CDR00975,F18,Dhruv Sheikh,7010000066,F20,Neha Kadam,7010000068,2026-01-04 23:17:00,4,sms,0,New Colony
CDR00976,F18,Dhruv Sheikh,7010000066,F20,Neha Kadam,7010000068,2026-01-30 23:30:00,30,voice,68,Old Market Circle
CDR00977,F18,Dhruv Sheikh,7010000066,F20,Neha Kadam,7010000068,2026-02-02 13:41:00,33,voice,123,Eastgate
CDR00978,F18,Dhruv Sheikh,7010000066,F20,Neha Kadam,7010000068,2026-02-04 08:46:00,35,sms,0,New Colony
CDR00979,F18,Dhruv Sheikh,7010000066,F20,Neha Kadam,7010000068,2026-02-09 18:31:00,40,voice,544,Eastgate
CDR00980,F18,Dhruv Sheikh,7010000066,F20,Neha Kadam,7010000068,2026-02-16 14:52:00,47,voice,550,Hilltop Society
CDR00981,F18,Dhruv Sheikh,7010000066,F20,Neha Kadam,7010000068,2026-02-21 19:52:00,52,sms,0,New Colony
CDR00982,F18,Dhruv Sheikh,7010000066,F20,Neha Kadam,7010000068,2026-02-26 08:41:00,57,voice,97,Warehouse District
CDR00983,F18,Dhruv Sheikh,7010000066,F20,Neha Kadam,7010000068,2026-03-04 09:25:00,63,voice,30,Station Road
CDR00984,F18,Dhruv Sheikh,7010000066,F20,Neha Kadam,7010000068,2026-03-13 19:32:00,72,voice,391,Old Market Circle
CDR00985,F18,Dhruv Sheikh,7010000066,F20,Neha Kadam,7010000068,2026-03-15 12:30:00,74,voice,208,Central Junction
CDR00986,F18,Dhruv Sheikh,7010000066,F20,Neha Kadam,7010000068,2026-03-27 16:27:00,86,sms,0,Eastgate
CDR00987,F15,Gautam Shah,7010000063,F23,Atharva Kapoor,7010000071,2026-01-02 11:33:00,2,voice,175,Central Junction
CDR00988,F15,Gautam Shah,7010000063,F23,Atharva Kapoor,7010000071,2026-01-10 11:06:00,10,voice,318,Old Market Circle
CDR00989,F15,Gautam Shah,7010000063,F23,Atharva Kapoor,7010000071,2026-01-24 19:47:00,24,voice,595,Station Road
CDR00990,F15,Gautam Shah,7010000063,F23,Atharva Kapoor,7010000071,2026-02-11 23:04:00,42,voice,396,Warehouse District
CDR00991,F15,Gautam Shah,7010000063,F23,Atharva Kapoor,7010000071,2026-02-19 15:08:00,50,sms,0,Hilltop Society
CDR00992,F15,Gautam Shah,7010000063,F23,Atharva Kapoor,7010000071,2026-02-21 18:43:00,52,voice,173,Lakeview Chowk
CDR00993,F15,Gautam Shah,7010000063,F23,Atharva Kapoor,7010000071,2026-02-27 08:07:00,58,voice,128,Station Road
CDR00994,F15,Gautam Shah,7010000063,F23,Atharva Kapoor,7010000071,2026-03-10 13:43:00,69,voice,338,Dockside Ward
CDR00995,F15,Gautam Shah,7010000063,F23,Atharva Kapoor,7010000071,2026-03-15 11:24:00,74,voice,371,Station Road
CDR00996,F15,Gautam Shah,7010000063,F23,Atharva Kapoor,7010000071,2026-03-17 18:42:00,76,voice,42,Hilltop Society
CDR00997,F15,Gautam Shah,7010000063,F23,Atharva Kapoor,7010000071,2026-03-23 19:57:00,82,voice,189,Dockside Ward
CDR00998,F15,Gautam Shah,7010000063,F23,Atharva Kapoor,7010000071,2026-03-25 14:44:00,84,voice,128,Warehouse District
CDR00999,F24,Meena Bhosale,7010000072,F12,Rohan Naik,7010000060,2026-01-04 10:30:00,4,voice,296,Station Road
CDR01000,F24,Meena Bhosale,7010000072,F12,Rohan Naik,7010000060,2026-01-10 13:54:00,10,voice,233,Industrial Estate Road
CDR01001,F24,Meena Bhosale,7010000072,F12,Rohan Naik,7010000060,2026-01-26 20:46:00,26,sms,0,Riverside Colony
CDR01002,F24,Meena Bhosale,7010000072,F12,Rohan Naik,7010000060,2026-01-30 18:29:00,30,voice,279,Station Road
CDR01003,F24,Meena Bhosale,7010000072,F12,Rohan Naik,7010000060,2026-02-02 23:03:00,33,voice,229,Dockside Ward
CDR01004,F24,Meena Bhosale,7010000072,F12,Rohan Naik,7010000060,2026-02-03 16:33:00,34,voice,466,Dockside Ward
CDR01005,F24,Meena Bhosale,7010000072,F12,Rohan Naik,7010000060,2026-02-08 08:23:00,39,voice,495,Eastgate
CDR01006,F24,Meena Bhosale,7010000072,F12,Rohan Naik,7010000060,2026-02-17 12:02:00,48,voice,332,Warehouse District
CDR01007,F24,Meena Bhosale,7010000072,F12,Rohan Naik,7010000060,2026-03-01 22:38:00,60,voice,398,New Colony
CDR01008,F24,Meena Bhosale,7010000072,F12,Rohan Naik,7010000060,2026-03-05 21:40:00,64,sms,0,Industrial Estate Road
CDR01009,F24,Meena Bhosale,7010000072,F12,Rohan Naik,7010000060,2026-03-08 16:59:00,67,voice,107,Central Junction
CDR01010,F24,Meena Bhosale,7010000072,F12,Rohan Naik,7010000060,2026-03-12 21:58:00,71,voice,76,Industrial Estate Road
CDR01011,F24,Meena Bhosale,7010000072,F12,Rohan Naik,7010000060,2026-03-16 15:08:00,75,voice,469,Station Road
CDR01012,F24,Meena Bhosale,7010000072,F12,Rohan Naik,7010000060,2026-03-23 14:28:00,82,voice,390,Central Junction
CDR01013,F5,Rohan Thakur,7010000053,F22,Rakesh Salunkhe,7010000070,2026-01-11 11:50:00,11,voice,118,Central Junction
CDR01014,F5,Rohan Thakur,7010000053,F22,Rakesh Salunkhe,7010000070,2026-01-19 12:22:00,19,voice,62,Warehouse District
CDR01015,F5,Rohan Thakur,7010000053,F22,Rakesh Salunkhe,7010000070,2026-01-25 20:59:00,25,voice,54,Industrial Estate Road
CDR01016,F5,Rohan Thakur,7010000053,F22,Rakesh Salunkhe,7010000070,2026-01-28 20:28:00,28,sms,0,Warehouse District
CDR01017,F5,Rohan Thakur,7010000053,F22,Rakesh Salunkhe,7010000070,2026-01-31 13:23:00,31,voice,313,Old Market Circle
CDR01018,F5,Rohan Thakur,7010000053,F22,Rakesh Salunkhe,7010000070,2026-02-02 11:43:00,33,voice,472,Warehouse District
CDR01019,F5,Rohan Thakur,7010000053,F22,Rakesh Salunkhe,7010000070,2026-02-18 12:37:00,49,voice,101,Hilltop Society
CDR01020,F5,Rohan Thakur,7010000053,F22,Rakesh Salunkhe,7010000070,2026-03-01 23:09:00,60,voice,448,New Colony
CDR01021,F5,Rohan Thakur,7010000053,F22,Rakesh Salunkhe,7010000070,2026-03-02 08:52:00,61,voice,501,North Bypass
CDR01022,F5,Rohan Thakur,7010000053,F22,Rakesh Salunkhe,7010000070,2026-03-14 08:29:00,73,voice,115,Station Road
CDR01023,F21,Siddharth Pillai,7010000069,F16,Kunal Desai,7010000064,2026-01-02 10:36:00,2,voice,192,Hilltop Society
CDR01024,F21,Siddharth Pillai,7010000069,F16,Kunal Desai,7010000064,2026-01-04 15:21:00,4,sms,0,Eastgate
CDR01025,F21,Siddharth Pillai,7010000069,F16,Kunal Desai,7010000064,2026-01-10 12:58:00,10,voice,80,Industrial Estate Road
CDR01026,F21,Siddharth Pillai,7010000069,F16,Kunal Desai,7010000064,2026-01-25 16:37:00,25,voice,310,Eastgate
CDR01027,F21,Siddharth Pillai,7010000069,F16,Kunal Desai,7010000064,2026-02-15 11:44:00,46,sms,0,Warehouse District
CDR01028,F21,Siddharth Pillai,7010000069,F16,Kunal Desai,7010000064,2026-02-20 10:00:00,51,voice,333,Warehouse District
CDR01029,F21,Siddharth Pillai,7010000069,F16,Kunal Desai,7010000064,2026-02-21 13:21:00,52,voice,461,Warehouse District
CDR01030,F21,Siddharth Pillai,7010000069,F16,Kunal Desai,7010000064,2026-03-02 22:34:00,61,sms,0,Industrial Estate Road
CDR01031,F21,Siddharth Pillai,7010000069,F16,Kunal Desai,7010000064,2026-03-12 09:13:00,71,voice,318,Eastgate
CDR01032,F21,Siddharth Pillai,7010000069,F16,Kunal Desai,7010000064,2026-03-14 13:13:00,73,voice,26,Hilltop Society
CDR01033,F21,Siddharth Pillai,7010000069,F16,Kunal Desai,7010000064,2026-03-22 18:07:00,81,sms,0,Eastgate
CDR01034,F21,Siddharth Pillai,7010000069,F16,Kunal Desai,7010000064,2026-03-29 18:08:00,88,voice,469,Industrial Estate Road
CDR01035,F15,Gautam Shah,7010000063,F1,Veer Gupta,7010000049,2026-01-04 16:08:00,4,voice,185,Eastgate
CDR01036,F15,Gautam Shah,7010000063,F1,Veer Gupta,7010000049,2026-01-14 11:15:00,14,voice,358,Industrial Estate Road
CDR01037,F15,Gautam Shah,7010000063,F1,Veer Gupta,7010000049,2026-01-17 07:34:00,17,voice,467,Eastgate
CDR01038,F15,Gautam Shah,7010000063,F1,Veer Gupta,7010000049,2026-01-20 08:08:00,20,voice,122,North Bypass
CDR01039,F15,Gautam Shah,7010000063,F1,Veer Gupta,7010000049,2026-01-22 11:10:00,22,voice,333,North Bypass
CDR01040,F15,Gautam Shah,7010000063,F1,Veer Gupta,7010000049,2026-01-27 15:32:00,27,sms,0,Warehouse District
CDR01041,F15,Gautam Shah,7010000063,F1,Veer Gupta,7010000049,2026-02-04 22:17:00,35,voice,179,Eastgate
CDR01042,F15,Gautam Shah,7010000063,F1,Veer Gupta,7010000049,2026-02-06 18:27:00,37,sms,0,New Colony
CDR01043,F15,Gautam Shah,7010000063,F1,Veer Gupta,7010000049,2026-02-16 07:47:00,47,sms,0,Eastgate
CDR01044,F15,Gautam Shah,7010000063,F1,Veer Gupta,7010000049,2026-02-21 14:21:00,52,sms,0,Central Junction
CDR01045,F15,Gautam Shah,7010000063,F1,Veer Gupta,7010000049,2026-02-25 14:42:00,56,voice,310,Warehouse District
CDR01046,F15,Gautam Shah,7010000063,F1,Veer Gupta,7010000049,2026-03-04 09:28:00,63,voice,365,Station Road
CDR01047,F15,Gautam Shah,7010000063,F1,Veer Gupta,7010000049,2026-03-15 12:05:00,74,sms,0,Industrial Estate Road
CDR01048,F15,Gautam Shah,7010000063,F1,Veer Gupta,7010000049,2026-03-18 22:41:00,77,voice,280,Hilltop Society
CDR01049,F15,Gautam Shah,7010000063,F1,Veer Gupta,7010000049,2026-03-21 11:25:00,80,voice,595,New Colony
CDR01050,F24,Meena Bhosale,7010000072,F2,Vivaan Chougule,7010000050,2026-01-11 07:04:00,11,voice,525,Lakeview Chowk
CDR01051,F24,Meena Bhosale,7010000072,F2,Vivaan Chougule,7010000050,2026-01-24 17:23:00,24,voice,178,Eastgate
CDR01052,F24,Meena Bhosale,7010000072,F2,Vivaan Chougule,7010000050,2026-02-11 23:04:00,42,sms,0,Hilltop Society
CDR01053,F24,Meena Bhosale,7010000072,F2,Vivaan Chougule,7010000050,2026-02-16 14:35:00,47,voice,458,Riverside Colony
CDR01054,F24,Meena Bhosale,7010000072,F2,Vivaan Chougule,7010000050,2026-02-19 12:42:00,50,sms,0,Lakeview Chowk
CDR01055,F24,Meena Bhosale,7010000072,F2,Vivaan Chougule,7010000050,2026-02-22 09:03:00,53,sms,0,Riverside Colony
CDR01056,F24,Meena Bhosale,7010000072,F2,Vivaan Chougule,7010000050,2026-02-25 11:06:00,56,voice,552,Eastgate
CDR01057,F24,Meena Bhosale,7010000072,F2,Vivaan Chougule,7010000050,2026-02-27 15:58:00,58,sms,0,North Bypass
CDR01058,F24,Meena Bhosale,7010000072,F2,Vivaan Chougule,7010000050,2026-02-28 08:59:00,59,voice,156,North Bypass
CDR01059,F24,Meena Bhosale,7010000072,F2,Vivaan Chougule,7010000050,2026-03-05 17:10:00,64,voice,227,New Colony
CDR01060,F24,Meena Bhosale,7010000072,F2,Vivaan Chougule,7010000050,2026-03-06 15:49:00,65,voice,384,Warehouse District
CDR01061,F24,Meena Bhosale,7010000072,F2,Vivaan Chougule,7010000050,2026-03-16 16:22:00,75,voice,124,Lakeview Chowk
CDR01062,F24,Meena Bhosale,7010000072,F2,Vivaan Chougule,7010000050,2026-03-28 14:07:00,87,voice,238,Station Road
CDR01063,D3,Rajesh Ansari,7010000003,D2,Vivaan Kulkarni,7010000002,2026-02-25 07:26:00,56,sms,0,New Colony
CDR01064,D12,Sanjay Surve,7010000012,D11,Pooja Reddy,7010000011,2026-02-23 11:17:00,54,voice,331,New Colony
CDR01065,D2,Vivaan Kulkarni,7010000002,D12,Sanjay Surve,7010000012,2026-02-22 10:46:00,53,voice,182,Eastgate
CDR01066,D11,Pooja Reddy,7010000011,D3,Rajesh Ansari,7010000003,2026-02-21 23:45:00,52,voice,159,Dockside Ward
CDR01067,D1,Rajan Qureshi,7010000001,D12,Sanjay Surve,7010000012,2026-02-24 11:18:00,55,voice,416,Hilltop Society
CDR01068,D3,Rajesh Ansari,7010000003,D1,Rajan Qureshi,7010000001,2026-02-22 11:19:00,53,voice,470,Old Market Circle
CDR01069,D4,Sameer Nair,7010000004,D1,Rajan Qureshi,7010000001,2026-02-26 17:02:00,57,voice,617,Lakeview Chowk
CDR01070,D4,Sameer Nair,7010000004,D3,Rajesh Ansari,7010000003,2026-02-25 20:02:00,56,voice,371,Hilltop Society
CDR01071,D11,Pooja Reddy,7010000011,D1,Rajan Qureshi,7010000001,2026-02-23 12:38:00,54,voice,246,Lakeview Chowk
CDR01072,D3,Rajesh Ansari,7010000003,D12,Sanjay Surve,7010000012,2026-02-26 17:38:00,57,voice,453,Dockside Ward
CDR01073,D12,Sanjay Surve,7010000012,D4,Sameer Nair,7010000004,2026-02-22 16:15:00,53,voice,385,Central Junction
CDR01074,D4,Sameer Nair,7010000004,D3,Rajesh Ansari,7010000003,2026-02-21 22:16:00,52,voice,757,North Bypass
CDR01075,D11,Pooja Reddy,7010000011,D4,Sameer Nair,7010000004,2026-02-22 23:03:00,53,voice,607,New Colony
CDR01076,D11,Pooja Reddy,7010000011,D2,Vivaan Kulkarni,7010000002,2026-02-26 09:23:00,57,voice,228,Eastgate
CDR01077,D1,Rajan Qureshi,7010000001,D11,Pooja Reddy,7010000011,2026-02-21 22:31:00,52,voice,299,Industrial Estate Road
CDR01078,D12,Sanjay Surve,7010000012,D4,Sameer Nair,7010000004,2026-02-25 12:06:00,56,voice,589,North Bypass
CDR01079,D12,Sanjay Surve,7010000012,D1,Rajan Qureshi,7010000001,2026-02-26 09:47:00,57,sms,0,Station Road
CDR01080,D12,Sanjay Surve,7010000012,D4,Sameer Nair,7010000004,2026-02-24 10:45:00,55,voice,857,Warehouse District
CDR01081,D10,Veer Gaikwad,7010000010,M1,Alok Nair,7010000079,2026-02-23 14:48:00,54,voice,29,New Colony
CDR01082,D13,Shaurya Qureshi,7010000013,M24,Bhavna Bhatia,7010000102,2026-02-23 16:16:00,54,voice,48,New Colony
CDR01083,D9,Kavita Baig,7010000009,M33,Manoj Nair,7010000111,2026-02-25 21:13:00,56,voice,22,Hilltop Society
CDR01084,D8,Vinod Kapoor,7010000008,M23,Bhavna Mishra,7010000101,2026-02-24 23:01:00,55,sms,0,New Colony
CDR01085,D19,Vikram Deshmukh,7010000019,M14,Rohan Kulkarni,7010000092,2026-02-26 09:23:00,57,voice,17,Old Market Circle
CDR01086,D11,Pooja Reddy,7010000011,M21,Naveen Patel,7010000099,2026-02-22 21:13:00,53,voice,13,Eastgate
CDR01087,D10,Veer Gaikwad,7010000010,M16,Naveen Dutta,7010000094,2026-02-28 08:00:00,59,sms,0,Old Market Circle
CDR01088,D12,Sanjay Surve,7010000012,M7,Alok Chatterjee,7010000085,2026-02-22 17:53:00,53,voice,49,New Colony
CDR01089,E2,Tushar Mishra,7010000026,E3,Rajan Mishra,7010000027,2026-02-28 15:12:00,59,voice,84,Station Road
CDR01090,E3,Rajan Mishra,7010000027,E4,Sneha Reddy,7010000028,2026-02-27 10:36:00,58,voice,382,North Bypass
CDR01091,E3,Rajan Mishra,7010000027,E4,Sneha Reddy,7010000028,2026-02-26 14:44:00,57,sms,0,Station Road
CDR01092,E16,Rudra Malhotra,7010000040,E2,Tushar Mishra,7010000026,2026-03-01 13:31:00,60,voice,371,Industrial Estate Road
CDR01093,E4,Sneha Reddy,7010000028,E3,Rajan Mishra,7010000027,2026-02-27 19:10:00,58,sms,0,Old Market Circle
CDR01094,E15,Kabir Gupta,7010000039,E2,Tushar Mishra,7010000026,2026-02-26 22:11:00,57,voice,153,Station Road
CDR01095,E15,Kabir Gupta,7010000039,E2,Tushar Mishra,7010000026,2026-02-25 09:30:00,56,sms,0,Dockside Ward
CDR01096,E15,Kabir Gupta,7010000039,E2,Tushar Mishra,7010000026,2026-02-28 07:04:00,59,sms,0,North Bypass
CDR01097,E4,Sneha Reddy,7010000028,E2,Tushar Mishra,7010000026,2026-02-28 21:25:00,59,voice,638,Station Road
CDR01098,E4,Sneha Reddy,7010000028,E3,Rajan Mishra,7010000027,2026-02-27 13:12:00,58,sms,0,Hilltop Society
CDR01099,E2,Tushar Mishra,7010000026,E15,Kabir Gupta,7010000039,2026-02-26 10:13:00,57,voice,708,Station Road
CDR01100,E15,Kabir Gupta,7010000039,E1,Divya Reddy,7010000025,2026-02-27 13:23:00,58,voice,341,Riverside Colony
CDR01101,E3,Rajan Mishra,7010000027,E1,Divya Reddy,7010000025,2026-02-26 21:29:00,57,sms,0,New Colony
CDR01102,E16,Rudra Malhotra,7010000040,E2,Tushar Mishra,7010000026,2026-02-25 08:05:00,56,voice,229,Lakeview Chowk
CDR01103,E1,Divya Reddy,7010000025,E4,Sneha Reddy,7010000028,2026-02-28 19:27:00,59,voice,356,Riverside Colony
CDR01104,E1,Divya Reddy,7010000025,E16,Rudra Malhotra,7010000040,2026-02-26 15:55:00,57,voice,672,Dockside Ward
CDR01105,E15,Kabir Gupta,7010000039,E16,Rudra Malhotra,7010000040,2026-02-25 22:24:00,56,voice,597,Old Market Circle
CDR01106,E16,Rudra Malhotra,7010000040,E4,Sneha Reddy,7010000028,2026-02-25 13:02:00,56,voice,323,Dockside Ward
CDR01107,E15,Kabir Gupta,7010000039,E16,Rudra Malhotra,7010000040,2026-02-25 21:55:00,56,sms,0,Hilltop Society
CDR01108,E2,Tushar Mishra,7010000026,E3,Rajan Mishra,7010000027,2026-03-01 08:10:00,60,sms,0,Hilltop Society
CDR01109,E2,Tushar Mishra,7010000026,E15,Kabir Gupta,7010000039,2026-02-25 11:15:00,56,voice,316,Lakeview Chowk
CDR01110,E3,Rajan Mishra,7010000027,E16,Rudra Malhotra,7010000040,2026-02-26 12:23:00,57,voice,75,Industrial Estate Road
CDR01111,E2,Tushar Mishra,7010000026,E16,Rudra Malhotra,7010000040,2026-02-26 07:55:00,57,voice,657,Old Market Circle
CDR01112,E2,Tushar Mishra,7010000026,E16,Rudra Malhotra,7010000040,2026-03-01 08:57:00,60,voice,235,Lakeview Chowk
CDR01113,E3,Rajan Mishra,7010000027,E1,Divya Reddy,7010000025,2026-02-26 07:46:00,57,voice,435,New Colony
CDR01114,E16,Rudra Malhotra,7010000040,E2,Tushar Mishra,7010000026,2026-02-27 10:35:00,58,sms,0,Central Junction
CDR01115,E15,Kabir Gupta,7010000039,E4,Sneha Reddy,7010000028,2026-02-28 14:43:00,59,voice,249,Riverside Colony
CDR01116,E3,Rajan Mishra,7010000027,E15,Kabir Gupta,7010000039,2026-03-01 07:46:00,60,sms,0,North Bypass
CDR01117,E3,Rajan Mishra,7010000027,E15,Kabir Gupta,7010000039,2026-02-24 10:59:00,55,voice,290,Hilltop Society
CDR01118,E16,Rudra Malhotra,7010000040,E3,Rajan Mishra,7010000027,2026-02-25 10:55:00,56,voice,733,Dockside Ward
CDR01119,E1,Divya Reddy,7010000025,E2,Tushar Mishra,7010000026,2026-02-28 12:27:00,59,voice,96,Lakeview Chowk
CDR01120,E2,Tushar Mishra,7010000026,E15,Kabir Gupta,7010000039,2026-02-25 16:59:00,56,voice,526,New Colony
CDR01121,E3,Rajan Mishra,7010000027,E4,Sneha Reddy,7010000028,2026-02-27 10:53:00,58,voice,251,New Colony
CDR01122,E15,Kabir Gupta,7010000039,E16,Rudra Malhotra,7010000040,2026-02-24 08:05:00,55,sms,0,Eastgate
CDR01123,E16,Rudra Malhotra,7010000040,E1,Divya Reddy,7010000025,2026-02-26 23:26:00,57,sms,0,Hilltop Society
CDR01124,E1,Divya Reddy,7010000025,E2,Tushar Mishra,7010000026,2026-02-24 17:09:00,55,voice,668,Riverside Colony
CDR01125,E4,Sneha Reddy,7010000028,E3,Rajan Mishra,7010000027,2026-02-28 10:22:00,59,voice,677,Hilltop Society
CDR01126,E15,Kabir Gupta,7010000039,E3,Rajan Mishra,7010000027,2026-03-01 22:08:00,60,voice,638,Lakeview Chowk
CDR01127,E4,Sneha Reddy,7010000028,E3,Rajan Mishra,7010000027,2026-03-01 09:33:00,60,voice,773,Warehouse District
CDR01128,E18,Sahil Chatterjee,7010000042,M21,Naveen Patel,7010000099,2026-03-01 07:05:00,60,voice,20,Station Road
CDR01129,E18,Sahil Chatterjee,7010000042,M8,Tanya Bansal,7010000086,2026-03-02 16:38:00,61,sms,0,New Colony
CDR01130,E14,Dinesh Pillai,7010000038,M11,Swati Reddy,7010000089,2026-02-27 17:22:00,58,voice,11,Warehouse District
CDR01131,E7,Gautam Salunkhe,7010000031,M27,Sonia Gupta,7010000105,2026-02-25 18:04:00,56,voice,19,Dockside Ward
CDR01132,E20,Naksh Rao,7010000044,M28,Priya Sinha,7010000106,2026-02-25 07:04:00,56,voice,24,Old Market Circle
CDR01133,E21,Mohan Sharma,7010000045,M26,Sneha Gupta,7010000104,2026-02-25 21:30:00,56,sms,0,Hilltop Society
CDR01134,E11,Kavita Sawant,7010000035,M30,Neha Patel,7010000108,2026-02-27 17:08:00,58,sms,0,North Bypass
CDR01135,E21,Mohan Sharma,7010000045,M12,Tanya Malhotra,7010000090,2026-02-25 16:14:00,56,voice,23,Hilltop Society
CDR01136,E1,Divya Reddy,7010000025,M27,Sonia Gupta,7010000105,2026-02-24 20:49:00,55,voice,17,Hilltop Society
CDR01137,E4,Sneha Reddy,7010000028,M24,Bhavna Bhatia,7010000102,2026-02-26 11:27:00,57,sms,0,Hilltop Society
CDR01138,E5,Imran Shah,7010000029,M31,Priya Nair,7010000109,2026-03-03 12:29:00,62,voice,7,Hilltop Society
CDR01139,E14,Dinesh Pillai,7010000038,M31,Priya Nair,7010000109,2026-02-25 20:57:00,56,sms,0,Lakeview Chowk
CDR01140,E6,Javed Kamble,7010000030,M31,Priya Nair,7010000109,2026-02-24 21:17:00,55,voice,57,Old Market Circle
CDR01141,E11,Kavita Sawant,7010000035,M21,Naveen Patel,7010000099,2026-02-24 19:00:00,55,sms,0,New Colony
CDR01142,E6,Javed Kamble,7010000030,M15,Pallavi Bhatia,7010000093,2026-03-01 10:15:00,60,voice,26,New Colony
CDR01143,E7,Gautam Salunkhe,7010000031,M16,Naveen Dutta,7010000094,2026-02-24 23:39:00,55,voice,13,Industrial Estate Road
CDR01144,F12,Rohan Naik,7010000060,F11,Deepak Chougule,7010000059,2026-02-28 13:07:00,59,sms,0,New Colony
CDR01145,F1,Veer Gupta,7010000049,F11,Deepak Chougule,7010000059,2026-03-03 16:55:00,62,voice,700,Old Market Circle
CDR01146,F4,Sunil Bhosale,7010000052,F11,Deepak Chougule,7010000059,2026-03-04 19:46:00,63,sms,0,Warehouse District
CDR01147,F11,Deepak Chougule,7010000059,F3,Sameer Menon,7010000051,2026-03-02 20:54:00,61,voice,454,New Colony
CDR01148,F3,Sameer Menon,7010000051,F11,Deepak Chougule,7010000059,2026-03-04 12:51:00,63,voice,484,Industrial Estate Road
CDR01149,F11,Deepak Chougule,7010000059,F2,Vivaan Chougule,7010000050,2026-03-04 11:13:00,63,sms,0,Station Road
CDR01150,F2,Vivaan Chougule,7010000050,F11,Deepak Chougule,7010000059,2026-02-28 10:01:00,59,voice,432,Eastgate
CDR01151,F1,Veer Gupta,7010000049,F4,Sunil Bhosale,7010000052,2026-02-27 19:35:00,58,voice,828,Eastgate
CDR01152,F4,Sunil Bhosale,7010000052,F11,Deepak Chougule,7010000059,2026-02-28 23:11:00,59,voice,899,Hilltop Society
CDR01153,F11,Deepak Chougule,7010000059,F2,Vivaan Chougule,7010000050,2026-02-28 07:25:00,59,voice,658,Lakeview Chowk
CDR01154,F1,Veer Gupta,7010000049,F3,Sameer Menon,7010000051,2026-03-03 21:25:00,62,voice,855,Old Market Circle
CDR01155,F2,Vivaan Chougule,7010000050,F4,Sunil Bhosale,7010000052,2026-03-02 16:06:00,61,voice,378,Industrial Estate Road
CDR01156,F1,Veer Gupta,7010000049,F12,Rohan Naik,7010000060,2026-03-03 15:36:00,62,sms,0,North Bypass
CDR01157,F12,Rohan Naik,7010000060,F3,Sameer Menon,7010000051,2026-03-03 13:47:00,62,voice,233,Dockside Ward
CDR01158,F1,Veer Gupta,7010000049,F2,Vivaan Chougule,7010000050,2026-03-04 15:05:00,63,voice,346,Dockside Ward
CDR01159,F2,Vivaan Chougule,7010000050,F11,Deepak Chougule,7010000059,2026-03-04 17:49:00,63,voice,553,North Bypass
CDR01160,F14,Neha Desai,7010000062,M25,Karishma Nair,7010000103,2026-03-01 09:52:00,60,voice,14,North Bypass
CDR01161,F9,Amit Kulkarni,7010000057,M15,Pallavi Bhatia,7010000093,2026-03-06 11:01:00,65,voice,5,Old Market Circle
CDR01162,F3,Sameer Menon,7010000051,M18,Sneha Rao,7010000096,2026-02-28 21:31:00,59,voice,46,North Bypass
CDR01163,F11,Deepak Chougule,7010000059,M14,Rohan Kulkarni,7010000092,2026-03-01 08:26:00,60,voice,51,Central Junction
CDR01164,F22,Rakesh Salunkhe,7010000070,M9,Divya Mishra,7010000087,2026-02-28 10:58:00,59,voice,43,Industrial Estate Road
CDR01165,F24,Meena Bhosale,7010000072,M4,Manoj Bansal,7010000082,2026-03-01 16:31:00,60,sms,0,Industrial Estate Road
CDR01166,F11,Deepak Chougule,7010000059,M23,Bhavna Mishra,7010000101,2026-03-01 21:14:00,60,voice,58,Warehouse District
CDR01167,F8,Vijay Iyer,7010000056,M2,Anjali Naidu,7010000080,2026-03-06 13:59:00,65,voice,52,Eastgate
CDR01168,Y1,Ramesh Singh,7010000073,D11,Pooja Reddy,7010000011,2026-02-24 13:17:00,55,voice,31,Old Market Circle
CDR01169,Y1,Ramesh Singh,7010000073,D11,Pooja Reddy,7010000011,2026-02-22 16:19:00,53,sms,0,Lakeview Chowk
CDR01170,Y1,Ramesh Singh,7010000073,D11,Pooja Reddy,7010000011,2026-02-23 11:58:00,54,voice,98,Riverside Colony
CDR01171,Y2,Santosh Kulkarni,7010000074,D1,Rajan Qureshi,7010000001,2026-02-24 20:42:00,55,voice,35,Warehouse District
CDR01172,Y2,Santosh Kulkarni,7010000074,D1,Rajan Qureshi,7010000001,2026-02-22 10:19:00,53,voice,250,Lakeview Chowk
CDR01173,Y3,Siddharth Mehta,7010000075,D1,Rajan Qureshi,7010000001,2026-02-23 21:45:00,54,voice,118,Hilltop Society
CDR01174,Y3,Siddharth Mehta,7010000075,D1,Rajan Qureshi,7010000001,2026-02-24 13:54:00,55,voice,201,Eastgate
CDR01175,Y3,Siddharth Mehta,7010000075,D1,Rajan Qureshi,7010000001,2026-02-22 17:10:00,53,voice,228,Hilltop Society
CDR01176,Y4,Siddharth Verma,7010000076,D2,Vivaan Kulkarni,7010000002,2026-02-24 09:31:00,55,voice,111,Central Junction
CDR01177,Y4,Siddharth Verma,7010000076,D2,Vivaan Kulkarni,7010000002,2026-02-24 17:15:00,55,sms,0,Central Junction
CDR01178,Y4,Siddharth Verma,7010000076,D2,Vivaan Kulkarni,7010000002,2026-02-25 10:37:00,56,voice,215,North Bypass
CDR01179,Y4,Siddharth Verma,7010000076,D2,Vivaan Kulkarni,7010000002,2026-02-26 09:27:00,57,voice,256,Riverside Colony
CDR01180,Y5,Sameer Bhatia,7010000077,D13,Shaurya Qureshi,7010000013,2026-02-23 11:54:00,54,voice,118,Riverside Colony
CDR01181,Y5,Sameer Bhatia,7010000077,D13,Shaurya Qureshi,7010000013,2026-02-22 09:30:00,53,sms,0,Hilltop Society
CDR01182,Y5,Sameer Bhatia,7010000077,D13,Shaurya Qureshi,7010000013,2026-02-24 11:00:00,55,sms,0,North Bypass
CDR01183,Y5,Sameer Bhatia,7010000077,D13,Shaurya Qureshi,7010000013,2026-02-26 09:29:00,57,voice,65,North Bypass
CDR01184,Y6,Veer Bansal,7010000078,D5,Rahul Pathan,7010000005,2026-02-25 19:07:00,56,voice,117,Old Market Circle
CDR01185,Y6,Veer Bansal,7010000078,D5,Rahul Pathan,7010000005,2026-02-26 17:37:00,57,voice,70,Central Junction
CDR01186,Y1,Ramesh Singh,7010000073,E15,Kabir Gupta,7010000039,2026-02-27 07:08:00,58,sms,0,Lakeview Chowk
CDR01187,Y1,Ramesh Singh,7010000073,E15,Kabir Gupta,7010000039,2026-02-27 10:43:00,58,voice,281,Hilltop Society
CDR01188,Y2,Santosh Kulkarni,7010000074,E1,Divya Reddy,7010000025,2026-02-27 20:04:00,58,voice,189,Old Market Circle
CDR01189,Y2,Santosh Kulkarni,7010000074,E1,Divya Reddy,7010000025,2026-03-01 16:38:00,60,voice,58,Dockside Ward
CDR01190,Y3,Siddharth Mehta,7010000075,E1,Divya Reddy,7010000025,2026-02-25 23:19:00,56,sms,0,Old Market Circle
CDR01191,Y3,Siddharth Mehta,7010000075,E1,Divya Reddy,7010000025,2026-02-26 15:54:00,57,voice,47,New Colony
CDR01192,Y4,Siddharth Verma,7010000076,E2,Tushar Mishra,7010000026,2026-03-01 08:38:00,60,voice,92,Central Junction
CDR01193,Y4,Siddharth Verma,7010000076,E2,Tushar Mishra,7010000026,2026-02-25 12:19:00,56,voice,47,Hilltop Society
CDR01194,Y4,Siddharth Verma,7010000076,E2,Tushar Mishra,7010000026,2026-02-25 23:59:00,56,sms,0,Riverside Colony
CDR01195,Y4,Siddharth Verma,7010000076,E2,Tushar Mishra,7010000026,2026-02-26 14:06:00,57,voice,64,Riverside Colony
CDR01196,Y5,Sameer Bhatia,7010000077,E13,Kiran Sinha,7010000037,2026-02-25 17:11:00,56,sms,0,Industrial Estate Road
CDR01197,Y5,Sameer Bhatia,7010000077,E13,Kiran Sinha,7010000037,2026-03-01 18:31:00,60,voice,274,Central Junction
CDR01198,Y5,Sameer Bhatia,7010000077,E13,Kiran Sinha,7010000037,2026-02-25 08:06:00,56,sms,0,Central Junction
CDR01199,Y6,Veer Bansal,7010000078,E5,Imran Shah,7010000029,2026-02-25 09:16:00,56,voice,103,Station Road
CDR01200,Y6,Veer Bansal,7010000078,E5,Imran Shah,7010000029,2026-03-01 11:07:00,60,voice,122,Warehouse District
CDR01201,Y1,Ramesh Singh,7010000073,F11,Deepak Chougule,7010000059,2026-03-01 09:15:00,60,voice,181,Station Road
CDR01202,Y1,Ramesh Singh,7010000073,F11,Deepak Chougule,7010000059,2026-03-01 18:17:00,60,sms,0,North Bypass
CDR01203,Y1,Ramesh Singh,7010000073,F11,Deepak Chougule,7010000059,2026-03-04 11:08:00,63,voice,53,Warehouse District
CDR01204,Y2,Santosh Kulkarni,7010000074,F1,Veer Gupta,7010000049,2026-03-04 18:02:00,63,voice,148,New Colony
CDR01205,Y2,Santosh Kulkarni,7010000074,F1,Veer Gupta,7010000049,2026-03-02 20:00:00,61,voice,197,Station Road
CDR01206,Y3,Siddharth Mehta,7010000075,F1,Veer Gupta,7010000049,2026-03-01 22:18:00,60,voice,253,Warehouse District
CDR01207,Y3,Siddharth Mehta,7010000075,F1,Veer Gupta,7010000049,2026-03-04 12:50:00,63,voice,79,Riverside Colony
CDR01208,Y3,Siddharth Mehta,7010000075,F1,Veer Gupta,7010000049,2026-03-02 08:46:00,61,voice,253,Warehouse District
CDR01209,Y4,Siddharth Verma,7010000076,F2,Vivaan Chougule,7010000050,2026-03-03 12:26:00,62,voice,231,New Colony
CDR01210,Y4,Siddharth Verma,7010000076,F2,Vivaan Chougule,7010000050,2026-02-28 10:25:00,59,voice,206,Old Market Circle
CDR01211,Y5,Sameer Bhatia,7010000077,F13,Dhruv Yadav,7010000061,2026-03-02 11:34:00,61,voice,94,Station Road
CDR01212,Y5,Sameer Bhatia,7010000077,F13,Dhruv Yadav,7010000061,2026-03-01 11:39:00,60,voice,278,North Bypass
CDR01213,Y6,Veer Bansal,7010000078,F5,Rohan Thakur,7010000053,2026-03-04 16:49:00,63,voice,197,Riverside Colony
CDR01214,Y6,Veer Bansal,7010000078,F5,Rohan Thakur,7010000053,2026-03-04 11:34:00,63,sms,0,Warehouse District
CDR01215,Y6,Veer Bansal,7010000078,F5,Rohan Thakur,7010000053,2026-03-03 09:24:00,62,voice,249,Old Market Circle
CDR01216,Y6,Veer Bansal,7010000078,F5,Rohan Thakur,7010000053,2026-03-02 17:19:00,61,sms,0,New Colony
CDR01217,M9,Divya Mishra,7010000087,M4,Manoj Bansal,7010000082,2026-02-09 16:48:00,40,voice,342,Old Market Circle
CDR01218,M20,Deepa Jain,7010000098,M5,Divya Iyer,7010000083,2026-01-25 16:33:00,25,voice,123,Industrial Estate Road
CDR01219,M27,Sonia Gupta,7010000105,M35,Alok Bhatia,7010000113,2026-03-15 14:11:00,74,voice,395,Industrial Estate Road
CDR01220,M35,Alok Bhatia,7010000113,M26,Sneha Gupta,7010000104,2026-03-15 17:20:00,74,sms,0,Riverside Colony
CDR01221,M20,Deepa Jain,7010000098,M19,Manoj Naidu,7010000097,2026-02-23 12:43:00,54,voice,14,North Bypass
CDR01222,M25,Karishma Nair,7010000103,M15,Pallavi Bhatia,7010000093,2026-01-21 23:15:00,21,voice,375,Hilltop Society
CDR01223,M7,Alok Chatterjee,7010000085,M28,Priya Sinha,7010000106,2026-01-23 19:12:00,23,voice,174,Hilltop Society
CDR01224,M25,Karishma Nair,7010000103,M31,Priya Nair,7010000109,2026-03-20 20:02:00,79,voice,352,Central Junction
CDR01225,M33,Manoj Nair,7010000111,M12,Tanya Malhotra,7010000090,2026-02-06 22:43:00,37,voice,33,Dockside Ward
CDR01226,M1,Alok Nair,7010000079,M21,Naveen Patel,7010000099,2026-01-05 18:44:00,5,voice,164,Industrial Estate Road
CDR01227,M23,Bhavna Mishra,7010000101,M7,Alok Chatterjee,7010000085,2026-03-29 16:46:00,88,voice,164,Old Market Circle
CDR01228,M6,Pooja Bhatia,7010000084,M33,Manoj Nair,7010000111,2026-01-04 21:07:00,4,voice,195,North Bypass
CDR01229,M11,Swati Reddy,7010000089,M10,Kiran Kulkarni,7010000088,2026-03-25 17:46:00,84,voice,58,Dockside Ward
CDR01230,M1,Alok Nair,7010000079,M24,Bhavna Bhatia,7010000102,2026-03-21 15:55:00,80,voice,126,Dockside Ward
CDR01231,M25,Karishma Nair,7010000103,M14,Rohan Kulkarni,7010000092,2026-03-10 17:15:00,69,voice,14,Hilltop Society
CDR01232,M31,Priya Nair,7010000109,M13,Harsh Reddy,7010000091,2026-03-13 19:49:00,72,voice,108,Industrial Estate Road
CDR01233,M13,Harsh Reddy,7010000091,M15,Pallavi Bhatia,7010000093,2026-01-25 14:47:00,25,voice,185,Industrial Estate Road
CDR01234,M8,Tanya Bansal,7010000086,M20,Deepa Jain,7010000098,2026-01-11 13:36:00,11,voice,277,Station Road
CDR01235,M8,Tanya Bansal,7010000086,M30,Neha Patel,7010000108,2026-03-29 18:10:00,88,sms,0,Hilltop Society
CDR01236,M23,Bhavna Mishra,7010000101,M21,Naveen Patel,7010000099,2026-01-24 20:05:00,24,voice,250,Warehouse District
CDR01237,M15,Pallavi Bhatia,7010000093,M2,Anjali Naidu,7010000080,2026-02-01 21:35:00,32,sms,0,Dockside Ward
CDR01238,M5,Divya Iyer,7010000083,M29,Priya Malhotra,7010000107,2026-03-13 22:33:00,72,sms,0,Old Market Circle
CDR01239,M35,Alok Bhatia,7010000113,M27,Sonia Gupta,7010000105,2026-01-19 14:04:00,19,voice,290,Dockside Ward
CDR01240,M19,Manoj Naidu,7010000097,M11,Swati Reddy,7010000089,2026-02-03 17:41:00,34,sms,0,Riverside Colony
CDR01241,M32,Nisha Gupta,7010000110,M30,Neha Patel,7010000108,2026-02-06 17:15:00,37,voice,98,Central Junction
CDR01242,M15,Pallavi Bhatia,7010000093,M17,Karishma Sinha,7010000095,2026-02-11 09:44:00,42,voice,381,Hilltop Society
CDR01243,M3,Alok Sinha,7010000081,M7,Alok Chatterjee,7010000085,2026-03-22 10:42:00,81,voice,317,Warehouse District
CDR01244,M20,Deepa Jain,7010000098,M28,Priya Sinha,7010000106,2026-03-21 21:07:00,80,sms,0,Central Junction
CDR01245,M3,Alok Sinha,7010000081,M30,Neha Patel,7010000108,2026-01-24 11:12:00,24,voice,350,Riverside Colony
CDR01246,M13,Harsh Reddy,7010000091,M17,Karishma Sinha,7010000095,2026-03-26 16:56:00,85,voice,144,Station Road
CDR01247,M30,Neha Patel,7010000108,M32,Nisha Gupta,7010000110,2026-02-07 12:19:00,38,voice,348,Old Market Circle
CDR01248,M7,Alok Chatterjee,7010000085,M15,Pallavi Bhatia,7010000093,2026-03-03 09:32:00,62,voice,10,Hilltop Society
CDR01249,M10,Kiran Kulkarni,7010000088,M6,Pooja Bhatia,7010000084,2026-02-21 21:28:00,52,voice,363,Warehouse District
CDR01250,M5,Divya Iyer,7010000083,M2,Anjali Naidu,7010000080,2026-03-11 09:42:00,70,voice,127,Old Market Circle
CDR01251,M27,Sonia Gupta,7010000105,M26,Sneha Gupta,7010000104,2026-01-12 10:06:00,12,voice,79,Warehouse District
CDR01252,M15,Pallavi Bhatia,7010000093,M1,Alok Nair,7010000079,2026-02-20 20:36:00,51,voice,349,Warehouse District
CDR01253,M22,Swati Bansal,7010000100,M15,Pallavi Bhatia,7010000093,2026-03-20 08:21:00,79,voice,324,Warehouse District
CDR01254,M20,Deepa Jain,7010000098,M12,Tanya Malhotra,7010000090,2026-02-04 07:37:00,35,voice,25,Hilltop Society
CDR01255,M34,Harsh Malhotra,7010000112,M2,Anjali Naidu,7010000080,2026-02-23 09:53:00,54,voice,197,Central Junction
CDR01256,M14,Rohan Kulkarni,7010000092,M13,Harsh Reddy,7010000091,2026-01-25 20:27:00,25,sms,0,Lakeview Chowk
CDR01257,M23,Bhavna Mishra,7010000101,M32,Nisha Gupta,7010000110,2026-03-27 07:27:00,86,voice,139,Riverside Colony
CDR01258,M16,Naveen Dutta,7010000094,M32,Nisha Gupta,7010000110,2026-01-22 19:51:00,22,voice,346,Warehouse District
CDR01259,M4,Manoj Bansal,7010000082,M7,Alok Chatterjee,7010000085,2026-02-01 07:20:00,32,sms,0,Old Market Circle
CDR01260,M27,Sonia Gupta,7010000105,M21,Naveen Patel,7010000099,2026-01-03 11:31:00,3,voice,337,Eastgate
CDR01261,M31,Priya Nair,7010000109,M22,Swati Bansal,7010000100,2026-01-26 21:11:00,26,voice,88,Lakeview Chowk
CDR01262,M7,Alok Chatterjee,7010000085,M34,Harsh Malhotra,7010000112,2026-03-01 13:48:00,60,voice,164,Riverside Colony
CDR01263,M1,Alok Nair,7010000079,M4,Manoj Bansal,7010000082,2026-02-20 20:18:00,51,voice,256,Hilltop Society
CDR01264,M19,Manoj Naidu,7010000097,M12,Tanya Malhotra,7010000090,2026-01-16 11:37:00,16,voice,325,Industrial Estate Road
CDR01265,M31,Priya Nair,7010000109,M12,Tanya Malhotra,7010000090,2026-01-15 17:39:00,15,voice,89,Central Junction
CDR01266,M14,Rohan Kulkarni,7010000092,M10,Kiran Kulkarni,7010000088,2026-02-03 07:42:00,34,voice,341,Warehouse District
CDR01267,M26,Sneha Gupta,7010000104,M30,Neha Patel,7010000108,2026-01-10 21:20:00,10,voice,252,Eastgate
CDR01268,M14,Rohan Kulkarni,7010000092,M32,Nisha Gupta,7010000110,2026-03-21 13:02:00,80,voice,270,Riverside Colony
CDR01269,M25,Karishma Nair,7010000103,M5,Divya Iyer,7010000083,2026-03-09 21:19:00,68,voice,201,Central Junction
CDR01270,M31,Priya Nair,7010000109,M35,Alok Bhatia,7010000113,2026-02-26 18:25:00,57,sms,0,Central Junction
CDR01271,M27,Sonia Gupta,7010000105,M19,Manoj Naidu,7010000097,2026-02-11 20:22:00,42,voice,264,Industrial Estate Road
CDR01272,M1,Alok Nair,7010000079,M32,Nisha Gupta,7010000110,2026-03-18 21:36:00,77,voice,20,New Colony
CDR01273,M27,Sonia Gupta,7010000105,M32,Nisha Gupta,7010000110,2026-01-09 18:20:00,9,voice,261,Lakeview Chowk
CDR01274,M20,Deepa Jain,7010000098,M6,Pooja Bhatia,7010000084,2026-02-20 20:33:00,51,sms,0,North Bypass
CDR01275,M15,Pallavi Bhatia,7010000093,M30,Neha Patel,7010000108,2026-02-05 14:59:00,36,voice,259,Hilltop Society
CDR01276,M14,Rohan Kulkarni,7010000092,M25,Karishma Nair,7010000103,2026-01-20 15:19:00,20,voice,92,Dockside Ward
CDR01277,M1,Alok Nair,7010000079,M34,Harsh Malhotra,7010000112,2026-02-02 13:57:00,33,voice,229,Dockside Ward
CDR01278,M33,Manoj Nair,7010000111,M30,Neha Patel,7010000108,2026-03-19 09:16:00,78,voice,48,New Colony
CDR01279,M30,Neha Patel,7010000108,M2,Anjali Naidu,7010000080,2026-01-07 16:58:00,7,voice,302,Warehouse District
CDR01280,M23,Bhavna Mishra,7010000101,M21,Naveen Patel,7010000099,2026-02-26 08:46:00,57,voice,279,New Colony
CDR01281,M33,Manoj Nair,7010000111,M15,Pallavi Bhatia,7010000093,2026-02-01 15:47:00,32,sms,0,Hilltop Society
CDR01282,M31,Priya Nair,7010000109,M9,Divya Mishra,7010000087,2026-03-04 17:22:00,63,sms,0,Lakeview Chowk
CDR01283,M32,Nisha Gupta,7010000110,M4,Manoj Bansal,7010000082,2026-01-03 09:40:00,3,voice,285,Industrial Estate Road
CDR01284,M29,Priya Malhotra,7010000107,M14,Rohan Kulkarni,7010000092,2026-01-09 07:58:00,9,voice,246,Old Market Circle
CDR01285,M12,Tanya Malhotra,7010000090,M21,Naveen Patel,7010000099,2026-03-02 12:01:00,61,voice,276,Industrial Estate Road
CDR01286,M2,Anjali Naidu,7010000080,M20,Deepa Jain,7010000098,2026-02-23 18:22:00,54,voice,158,Old Market Circle
CDR01287,M6,Pooja Bhatia,7010000084,M21,Naveen Patel,7010000099,2026-02-01 15:31:00,32,sms,0,Warehouse District
CDR01288,M24,Bhavna Bhatia,7010000102,M31,Priya Nair,7010000109,2026-01-20 23:38:00,20,sms,0,North Bypass
CDR01289,M23,Bhavna Mishra,7010000101,M5,Divya Iyer,7010000083,2026-03-14 16:39:00,73,sms,0,Eastgate
CDR01290,M19,Manoj Naidu,7010000097,M7,Alok Chatterjee,7010000085,2026-03-13 10:09:00,72,voice,164,Station Road
CDR01291,M20,Deepa Jain,7010000098,M3,Alok Sinha,7010000081,2026-01-28 17:50:00,28,voice,253,North Bypass
CDR01292,M21,Naveen Patel,7010000099,M22,Swati Bansal,7010000100,2026-03-19 09:06:00,78,sms,0,Station Road
CDR01293,M17,Karishma Sinha,7010000095,M11,Swati Reddy,7010000089,2026-03-15 22:39:00,74,voice,155,Industrial Estate Road
CDR01294,M26,Sneha Gupta,7010000104,M31,Priya Nair,7010000109,2026-03-31 07:36:00,90,sms,0,North Bypass
CDR01295,M18,Sneha Rao,7010000096,M7,Alok Chatterjee,7010000085,2026-01-18 07:44:00,18,voice,52,New Colony
CDR01296,M8,Tanya Bansal,7010000086,M11,Swati Reddy,7010000089,2026-01-09 22:33:00,9,voice,112,Eastgate
CDR01297,M27,Sonia Gupta,7010000105,M16,Naveen Dutta,7010000094,2026-01-22 22:49:00,22,voice,361,Eastgate
CDR01298,M28,Priya Sinha,7010000106,M35,Alok Bhatia,7010000113,2026-03-22 11:38:00,81,voice,101,Hilltop Society
CDR01299,M19,Manoj Naidu,7010000097,M25,Karishma Nair,7010000103,2026-02-14 15:37:00,45,voice,26,Dockside Ward
CDR01300,M1,Alok Nair,7010000079,M6,Pooja Bhatia,7010000084,2026-03-13 18:23:00,72,voice,293,Hilltop Society
CDR01301,M26,Sneha Gupta,7010000104,M7,Alok Chatterjee,7010000085,2026-01-12 10:21:00,12,voice,225,Warehouse District
CDR01302,M26,Sneha Gupta,7010000104,M35,Alok Bhatia,7010000113,2026-02-12 18:26:00,43,sms,0,Dockside Ward
CDR01303,M14,Rohan Kulkarni,7010000092,M29,Priya Malhotra,7010000107,2026-02-25 09:03:00,56,voice,337,Eastgate
CDR01304,M13,Harsh Reddy,7010000091,M29,Priya Malhotra,7010000107,2026-01-20 07:55:00,20,voice,318,Warehouse District
CDR01305,M1,Alok Nair,7010000079,M28,Priya Sinha,7010000106,2026-03-24 20:03:00,83,voice,38,Hilltop Society
CDR01306,M26,Sneha Gupta,7010000104,M25,Karishma Nair,7010000103,2026-01-17 18:01:00,17,voice,205,Eastgate
CDR01307,M28,Priya Sinha,7010000106,M32,Nisha Gupta,7010000110,2026-02-12 21:42:00,43,voice,73,New Colony
CDR01308,M1,Alok Nair,7010000079,M10,Kiran Kulkarni,7010000088,2026-02-16 12:26:00,47,sms,0,Dockside Ward
CDR01309,M14,Rohan Kulkarni,7010000092,M8,Tanya Bansal,7010000086,2026-01-12 18:00:00,12,sms,0,Dockside Ward
CDR01310,M3,Alok Sinha,7010000081,M29,Priya Malhotra,7010000107,2026-02-02 07:52:00,33,voice,348,New Colony
CDR01311,M23,Bhavna Mishra,7010000101,M17,Karishma Sinha,7010000095,2026-02-07 15:54:00,38,voice,306,New Colony
CDR01312,M12,Tanya Malhotra,7010000090,M23,Bhavna Mishra,7010000101,2026-03-03 22:16:00,62,voice,342,Industrial Estate Road
CDR01313,M29,Priya Malhotra,7010000107,M9,Divya Mishra,7010000087,2026-03-09 22:35:00,68,sms,0,New Colony
CDR01314,M32,Nisha Gupta,7010000110,M22,Swati Bansal,7010000100,2026-03-31 13:26:00,90,voice,315,North Bypass
CDR01315,M1,Alok Nair,7010000079,M6,Pooja Bhatia,7010000084,2026-03-15 18:35:00,74,voice,266,Dockside Ward
CDR01316,M8,Tanya Bansal,7010000086,M4,Manoj Bansal,7010000082,2026-03-03 12:09:00,62,voice,216,Central Junction
CDR01317,M14,Rohan Kulkarni,7010000092,M3,Alok Sinha,7010000081,2026-02-09 17:33:00,40,sms,0,Dockside Ward
CDR01318,M20,Deepa Jain,7010000098,M24,Bhavna Bhatia,7010000102,2026-03-13 08:21:00,72,sms,0,Dockside Ward
CDR01319,M31,Priya Nair,7010000109,M25,Karishma Nair,7010000103,2026-03-24 16:40:00,83,voice,15,Station Road
CDR01320,M2,Anjali Naidu,7010000080,M23,Bhavna Mishra,7010000101,2026-03-27 22:20:00,86,voice,240,North Bypass
CDR01321,M31,Priya Nair,7010000109,M33,Manoj Nair,7010000111,2026-02-16 19:49:00,47,voice,278,Riverside Colony
CDR01322,M10,Kiran Kulkarni,7010000088,M13,Harsh Reddy,7010000091,2026-03-10 15:10:00,69,voice,287,Station Road
CDR01323,M26,Sneha Gupta,7010000104,M29,Priya Malhotra,7010000107,2026-01-01 18:13:00,1,voice,400,Industrial Estate Road
CDR01324,M6,Pooja Bhatia,7010000084,M12,Tanya Malhotra,7010000090,2026-01-14 08:35:00,14,voice,311,Dockside Ward
CDR01325,M6,Pooja Bhatia,7010000084,M29,Priya Malhotra,7010000107,2026-01-19 14:32:00,19,voice,306,Warehouse District
CDR01326,M19,Manoj Naidu,7010000097,M2,Anjali Naidu,7010000080,2026-03-28 15:42:00,87,sms,0,Hilltop Society
CDR01327,M7,Alok Chatterjee,7010000085,M10,Kiran Kulkarni,7010000088,2026-01-24 20:10:00,24,voice,350,Dockside Ward
CDR01328,M10,Kiran Kulkarni,7010000088,M16,Naveen Dutta,7010000094,2026-03-01 11:11:00,60,sms,0,Eastgate
CDR01329,M20,Deepa Jain,7010000098,M2,Anjali Naidu,7010000080,2026-03-23 21:37:00,82,voice,191,Warehouse District
CDR01330,M27,Sonia Gupta,7010000105,M8,Tanya Bansal,7010000086,2026-02-21 16:02:00,52,sms,0,Dockside Ward
CDR01331,M31,Priya Nair,7010000109,M35,Alok Bhatia,7010000113,2026-01-28 13:48:00,28,voice,97,Dockside Ward
CDR01332,M11,Swati Reddy,7010000089,M2,Anjali Naidu,7010000080,2026-01-08 22:34:00,8,voice,176,Dockside Ward
CDR01333,M5,Divya Iyer,7010000083,M26,Sneha Gupta,7010000104,2026-02-04 15:26:00,35,voice,314,Station Road
CDR01334,M12,Tanya Malhotra,7010000090,M11,Swati Reddy,7010000089,2026-03-16 13:26:00,75,voice,329,Hilltop Society
CDR01335,M13,Harsh Reddy,7010000091,M24,Bhavna Bhatia,7010000102,2026-02-13 07:28:00,44,voice,184,North Bypass
CDR01336,M13,Harsh Reddy,7010000091,M27,Sonia Gupta,7010000105,2026-02-10 20:38:00,41,voice,11,Eastgate
CDR01337,M30,Neha Patel,7010000108,M3,Alok Sinha,7010000081,2026-01-21 09:01:00,21,voice,345,Station Road
CDR01338,M31,Priya Nair,7010000109,M17,Karishma Sinha,7010000095,2026-03-20 20:21:00,79,sms,0,Eastgate
CDR01339,M3,Alok Sinha,7010000081,M5,Divya Iyer,7010000083,2026-01-23 21:21:00,23,voice,75,Lakeview Chowk
CDR01340,M7,Alok Chatterjee,7010000085,M20,Deepa Jain,7010000098,2026-02-11 23:51:00,42,voice,205,North Bypass
CDR01341,M34,Harsh Malhotra,7010000112,M8,Tanya Bansal,7010000086,2026-03-10 18:48:00,69,voice,214,Station Road
CDR01342,M21,Naveen Patel,7010000099,M25,Karishma Nair,7010000103,2026-01-18 10:35:00,18,voice,143,North Bypass
CDR01343,M26,Sneha Gupta,7010000104,M1,Alok Nair,7010000079,2026-01-24 19:55:00,24,voice,385,Central Junction
CDR01344,M1,Alok Nair,7010000079,M12,Tanya Malhotra,7010000090,2026-02-23 15:50:00,54,voice,378,Station Road
CDR01345,M11,Swati Reddy,7010000089,M23,Bhavna Mishra,7010000101,2026-02-25 14:31:00,56,voice,43,Eastgate
CDR01346,M31,Priya Nair,7010000109,M5,Divya Iyer,7010000083,2026-03-19 18:13:00,78,voice,303,Warehouse District
CDR01347,M2,Anjali Naidu,7010000080,M6,Pooja Bhatia,7010000084,2026-03-23 17:42:00,82,sms,0,Industrial Estate Road
CDR01348,M9,Divya Mishra,7010000087,M13,Harsh Reddy,7010000091,2026-03-19 13:11:00,78,voice,271,Hilltop Society
CDR01349,M30,Neha Patel,7010000108,M18,Sneha Rao,7010000096,2026-02-07 09:00:00,38,voice,17,Eastgate
CDR01350,M1,Alok Nair,7010000079,M22,Swati Bansal,7010000100,2026-02-28 18:40:00,59,voice,117,Hilltop Society
CDR01351,M35,Alok Bhatia,7010000113,M24,Bhavna Bhatia,7010000102,2026-03-12 09:01:00,71,voice,116,Warehouse District
CDR01352,M11,Swati Reddy,7010000089,M23,Bhavna Mishra,7010000101,2026-01-26 14:06:00,26,voice,227,Riverside Colony
CDR01353,M20,Deepa Jain,7010000098,M8,Tanya Bansal,7010000086,2026-01-04 11:08:00,4,sms,0,Riverside Colony
CDR01354,M3,Alok Sinha,7010000081,M12,Tanya Malhotra,7010000090,2026-02-02 14:40:00,33,sms,0,Riverside Colony
CDR01355,M11,Swati Reddy,7010000089,M8,Tanya Bansal,7010000086,2026-01-26 23:13:00,26,voice,140,Dockside Ward
CDR01356,M9,Divya Mishra,7010000087,M15,Pallavi Bhatia,7010000093,2026-02-02 22:07:00,33,voice,247,Riverside Colony
CDR01357,M10,Kiran Kulkarni,7010000088,M16,Naveen Dutta,7010000094,2026-03-14 10:51:00,73,sms,0,Eastgate
CDR01358,M26,Sneha Gupta,7010000104,M7,Alok Chatterjee,7010000085,2026-01-02 11:31:00,2,voice,356,Warehouse District
CDR01359,M4,Manoj Bansal,7010000082,M11,Swati Reddy,7010000089,2026-03-19 21:13:00,78,voice,189,Riverside Colony
CDR01360,M13,Harsh Reddy,7010000091,M25,Karishma Nair,7010000103,2026-03-29 22:59:00,88,sms,0,Warehouse District
CDR01361,M24,Bhavna Bhatia,7010000102,M17,Karishma Sinha,7010000095,2026-02-28 18:44:00,59,voice,118,Central Junction
CDR01362,M26,Sneha Gupta,7010000104,M3,Alok Sinha,7010000081,2026-01-25 08:49:00,25,sms,0,Eastgate
CDR01363,M15,Pallavi Bhatia,7010000093,M2,Anjali Naidu,7010000080,2026-02-20 08:39:00,51,voice,221,Hilltop Society
CDR01364,M8,Tanya Bansal,7010000086,M9,Divya Mishra,7010000087,2026-03-13 18:44:00,72,sms,0,Old Market Circle
CDR01365,M11,Swati Reddy,7010000089,M15,Pallavi Bhatia,7010000093,2026-02-14 09:19:00,45,voice,169,Warehouse District
CDR01366,M21,Naveen Patel,7010000099,M2,Anjali Naidu,7010000080,2026-03-08 13:27:00,67,sms,0,Old Market Circle
CDR01367,M32,Nisha Gupta,7010000110,M12,Tanya Malhotra,7010000090,2026-02-11 11:53:00,42,voice,239,Dockside Ward
CDR01368,M26,Sneha Gupta,7010000104,M3,Alok Sinha,7010000081,2026-01-21 16:27:00,21,voice,113,Hilltop Society
CDR01369,M2,Anjali Naidu,7010000080,M27,Sonia Gupta,7010000105,2026-01-20 22:40:00,20,voice,272,Dockside Ward
CDR01370,M26,Sneha Gupta,7010000104,M10,Kiran Kulkarni,7010000088,2026-02-21 20:36:00,52,voice,170,New Colony
CDR01371,M3,Alok Sinha,7010000081,M15,Pallavi Bhatia,7010000093,2026-02-12 09:46:00,43,voice,47,North Bypass
CDR01372,M18,Sneha Rao,7010000096,M31,Priya Nair,7010000109,2026-02-24 11:45:00,55,voice,244,Dockside Ward
CDR01373,M8,Tanya Bansal,7010000086,M28,Priya Sinha,7010000106,2026-02-11 15:11:00,42,sms,0,Dockside Ward
CDR01374,M30,Neha Patel,7010000108,M10,Kiran Kulkarni,7010000088,2026-02-09 20:27:00,40,voice,134,Dockside Ward
CDR01375,M32,Nisha Gupta,7010000110,M1,Alok Nair,7010000079,2026-01-22 07:24:00,22,voice,279,Warehouse District
CDR01376,M26,Sneha Gupta,7010000104,M29,Priya Malhotra,7010000107,2026-02-23 12:10:00,54,voice,218,Dockside Ward
CDR01377,M8,Tanya Bansal,7010000086,M21,Naveen Patel,7010000099,2026-01-24 17:27:00,24,voice,72,Lakeview Chowk
CDR01378,M5,Divya Iyer,7010000083,M3,Alok Sinha,7010000081,2026-03-04 11:56:00,63,voice,385,Warehouse District
CDR01379,M8,Tanya Bansal,7010000086,M21,Naveen Patel,7010000099,2026-02-03 20:58:00,34,voice,161,Old Market Circle
CDR01380,M19,Manoj Naidu,7010000097,M6,Pooja Bhatia,7010000084,2026-03-31 11:28:00,90,voice,54,Industrial Estate Road
CDR01381,M28,Priya Sinha,7010000106,M7,Alok Chatterjee,7010000085,2026-03-30 17:09:00,89,voice,289,North Bypass
CDR01382,M1,Alok Nair,7010000079,M26,Sneha Gupta,7010000104,2026-03-26 11:30:00,85,voice,129,Old Market Circle
CDR01383,M4,Manoj Bansal,7010000082,M35,Alok Bhatia,7010000113,2026-03-13 08:43:00,72,voice,254,Central Junction
CDR01384,M27,Sonia Gupta,7010000105,M4,Manoj Bansal,7010000082,2026-02-14 17:55:00,45,voice,176,North Bypass
CDR01385,M13,Harsh Reddy,7010000091,M15,Pallavi Bhatia,7010000093,2026-02-26 17:36:00,57,voice,52,Riverside Colony
CDR01386,M6,Pooja Bhatia,7010000084,M14,Rohan Kulkarni,7010000092,2026-02-08 23:20:00,39,voice,200,Dockside Ward
CDR01387,M35,Alok Bhatia,7010000113,M34,Harsh Malhotra,7010000112,2026-01-14 17:34:00,14,voice,119,Dockside Ward
CDR01388,M13,Harsh Reddy,7010000091,M10,Kiran Kulkarni,7010000088,2026-03-21 14:33:00,80,voice,71,Station Road
CDR01389,M3,Alok Sinha,7010000081,M33,Manoj Nair,7010000111,2026-01-25 23:51:00,25,sms,0,Riverside Colony
CDR01390,M2,Anjali Naidu,7010000080,M25,Karishma Nair,7010000103,2026-01-03 15:54:00,3,sms,0,Hilltop Society
CDR01391,M1,Alok Nair,7010000079,M7,Alok Chatterjee,7010000085,2026-02-21 08:41:00,52,sms,0,Eastgate
CDR01392,M5,Divya Iyer,7010000083,M22,Swati Bansal,7010000100,2026-03-18 20:08:00,77,voice,257,Riverside Colony
CDR01393,M12,Tanya Malhotra,7010000090,M16,Naveen Dutta,7010000094,2026-03-03 13:20:00,62,sms,0,North Bypass
CDR01394,M14,Rohan Kulkarni,7010000092,M13,Harsh Reddy,7010000091,2026-03-15 13:25:00,74,voice,242,Central Junction
CDR01395,M17,Karishma Sinha,7010000095,M20,Deepa Jain,7010000098,2026-02-02 14:58:00,33,voice,270,Eastgate
CDR01396,M20,Deepa Jain,7010000098,M1,Alok Nair,7010000079,2026-02-08 12:00:00,39,voice,69,Dockside Ward
CDR01397,M27,Sonia Gupta,7010000105,M3,Alok Sinha,7010000081,2026-02-24 08:17:00,55,voice,103,Riverside Colony
CDR01398,M35,Alok Bhatia,7010000113,M8,Tanya Bansal,7010000086,2026-01-15 09:50:00,15,voice,127,Warehouse District
CDR01399,M19,Manoj Naidu,7010000097,M2,Anjali Naidu,7010000080,2026-03-08 17:37:00,67,voice,157,North Bypass
CDR01400,M32,Nisha Gupta,7010000110,M20,Deepa Jain,7010000098,2026-02-27 20:51:00,58,voice,363,Dockside Ward
CDR01401,M28,Priya Sinha,7010000106,M34,Harsh Malhotra,7010000112,2026-02-25 18:12:00,56,voice,312,North Bypass
CDR01402,M9,Divya Mishra,7010000087,M15,Pallavi Bhatia,7010000093,2026-02-17 16:30:00,48,sms,0,North Bypass
CDR01403,M25,Karishma Nair,7010000103,M33,Manoj Nair,7010000111,2026-02-15 09:27:00,46,voice,184,Dockside Ward
CDR01404,M21,Naveen Patel,7010000099,M31,Priya Nair,7010000109,2026-02-04 19:30:00,35,sms,0,Hilltop Society
CDR01405,M9,Divya Mishra,7010000087,M21,Naveen Patel,7010000099,2026-02-17 09:53:00,48,sms,0,Dockside Ward
CDR01406,M25,Karishma Nair,7010000103,M10,Kiran Kulkarni,7010000088,2026-01-11 17:22:00,11,voice,364,North Bypass
CDR01407,M20,Deepa Jain,7010000098,M12,Tanya Malhotra,7010000090,2026-02-25 07:00:00,56,voice,182,Dockside Ward
CDR01408,M13,Harsh Reddy,7010000091,M11,Swati Reddy,7010000089,2026-01-19 10:25:00,19,voice,239,Dockside Ward
CDR01409,M17,Karishma Sinha,7010000095,M12,Tanya Malhotra,7010000090,2026-03-23 18:15:00,82,voice,372,North Bypass
CDR01410,M31,Priya Nair,7010000109,M24,Bhavna Bhatia,7010000102,2026-02-02 15:13:00,33,sms,0,Central Junction
CDR01411,M18,Sneha Rao,7010000096,M21,Naveen Patel,7010000099,2026-01-08 23:01:00,8,voice,103,New Colony
CDR01412,M1,Alok Nair,7010000079,M5,Divya Iyer,7010000083,2026-03-03 07:01:00,62,voice,64,Industrial Estate Road
CDR01413,M29,Priya Malhotra,7010000107,M24,Bhavna Bhatia,7010000102,2026-02-02 15:57:00,33,voice,244,Riverside Colony
CDR01414,M1,Alok Nair,7010000079,M17,Karishma Sinha,7010000095,2026-01-07 13:02:00,7,sms,0,North Bypass
CDR01415,M27,Sonia Gupta,7010000105,M17,Karishma Sinha,7010000095,2026-02-01 19:42:00,32,voice,201,Eastgate
CDR01416,M33,Manoj Nair,7010000111,M28,Priya Sinha,7010000106,2026-03-13 20:26:00,72,voice,126,Industrial Estate Road
CDR01417,M17,Karishma Sinha,7010000095,M6,Pooja Bhatia,7010000084,2026-02-17 09:25:00,48,sms,0,New Colony
CDR01418,M30,Neha Patel,7010000108,M15,Pallavi Bhatia,7010000093,2026-01-05 13:11:00,5,voice,94,Old Market Circle
CDR01419,M26,Sneha Gupta,7010000104,M24,Bhavna Bhatia,7010000102,2026-02-23 19:33:00,54,voice,191,Central Junction
CDR01420,M1,Alok Nair,7010000079,M3,Alok Sinha,7010000081,2026-01-29 23:16:00,29,voice,216,Dockside Ward
CDR01421,M15,Pallavi Bhatia,7010000093,M28,Priya Sinha,7010000106,2026-02-15 22:03:00,46,sms,0,New Colony
CDR01422,M23,Bhavna Mishra,7010000101,M28,Priya Sinha,7010000106,2026-01-05 23:45:00,5,voice,97,Lakeview Chowk
CDR01423,M10,Kiran Kulkarni,7010000088,M29,Priya Malhotra,7010000107,2026-03-08 11:23:00,67,voice,245,Hilltop Society
CDR01424,M9,Divya Mishra,7010000087,M12,Tanya Malhotra,7010000090,2026-03-04 18:02:00,63,voice,35,North Bypass
CDR01425,M6,Pooja Bhatia,7010000084,M8,Tanya Bansal,7010000086,2026-02-01 20:19:00,32,voice,45,Lakeview Chowk
CDR01426,M8,Tanya Bansal,7010000086,M6,Pooja Bhatia,7010000084,2026-03-19 11:40:00,78,voice,184,New Colony
CDR01427,M16,Naveen Dutta,7010000094,M22,Swati Bansal,7010000100,2026-01-02 07:24:00,2,voice,97,Station Road
CDR01428,M26,Sneha Gupta,7010000104,M7,Alok Chatterjee,7010000085,2026-01-29 17:50:00,29,sms,0,New Colony
CDR01429,M24,Bhavna Bhatia,7010000102,M15,Pallavi Bhatia,7010000093,2026-02-06 19:16:00,37,sms,0,Warehouse District
CDR01430,M3,Alok Sinha,7010000081,M33,Manoj Nair,7010000111,2026-02-15 11:04:00,46,voice,17,Lakeview Chowk
CDR01431,M31,Priya Nair,7010000109,M15,Pallavi Bhatia,7010000093,2026-03-26 16:25:00,85,voice,232,Hilltop Society
CDR01432,M10,Kiran Kulkarni,7010000088,M22,Swati Bansal,7010000100,2026-03-02 11:02:00,61,voice,370,Central Junction
CDR01433,M18,Sneha Rao,7010000096,M11,Swati Reddy,7010000089,2026-02-17 09:01:00,48,voice,140,Dockside Ward
CDR01434,M26,Sneha Gupta,7010000104,M8,Tanya Bansal,7010000086,2026-02-06 17:16:00,37,sms,0,Dockside Ward
CDR01435,M30,Neha Patel,7010000108,M23,Bhavna Mishra,7010000101,2026-03-11 22:42:00,70,sms,0,Warehouse District
CDR01436,M12,Tanya Malhotra,7010000090,M18,Sneha Rao,7010000096,2026-02-11 19:23:00,42,sms,0,Industrial Estate Road
CDR01437,M30,Neha Patel,7010000108,M22,Swati Bansal,7010000100,2026-02-13 17:20:00,44,sms,0,Lakeview Chowk
CDR01438,M2,Anjali Naidu,7010000080,M22,Swati Bansal,7010000100,2026-03-28 15:31:00,87,sms,0,Dockside Ward
CDR01439,M14,Rohan Kulkarni,7010000092,M4,Manoj Bansal,7010000082,2026-01-15 22:53:00,15,voice,207,Hilltop Society
CDR01440,M7,Alok Chatterjee,7010000085,M8,Tanya Bansal,7010000086,2026-02-21 22:04:00,52,voice,370,Lakeview Chowk
CDR01441,M21,Naveen Patel,7010000099,M17,Karishma Sinha,7010000095,2026-02-03 14:58:00,34,voice,188,Lakeview Chowk
CDR01442,M25,Karishma Nair,7010000103,M10,Kiran Kulkarni,7010000088,2026-03-07 09:34:00,66,voice,234,Industrial Estate Road
CDR01443,M21,Naveen Patel,7010000099,M9,Divya Mishra,7010000087,2026-02-26 09:04:00,57,sms,0,Central Junction
CDR01444,M22,Swati Bansal,7010000100,M5,Divya Iyer,7010000083,2026-03-29 11:05:00,88,sms,0,Eastgate
CDR01445,M11,Swati Reddy,7010000089,M31,Priya Nair,7010000109,2026-01-07 23:21:00,7,voice,327,Lakeview Chowk
CDR01446,M6,Pooja Bhatia,7010000084,M33,Manoj Nair,7010000111,2026-02-20 22:37:00,51,voice,330,North Bypass
CDR01447,M4,Manoj Bansal,7010000082,M24,Bhavna Bhatia,7010000102,2026-02-03 22:51:00,34,sms,0,Industrial Estate Road
CDR01448,M5,Divya Iyer,7010000083,M26,Sneha Gupta,7010000104,2026-03-31 23:35:00,90,sms,0,Central Junction
CDR01449,M9,Divya Mishra,7010000087,M30,Neha Patel,7010000108,2026-01-17 11:00:00,17,voice,117,New Colony
CDR01450,M32,Nisha Gupta,7010000110,M7,Alok Chatterjee,7010000085,2026-02-09 13:55:00,40,voice,254,Industrial Estate Road
CDR01451,M31,Priya Nair,7010000109,M20,Deepa Jain,7010000098,2026-03-12 15:20:00,71,sms,0,Central Junction
CDR01452,M1,Alok Nair,7010000079,M6,Pooja Bhatia,7010000084,2026-01-24 14:13:00,24,voice,303,North Bypass
CDR01453,M5,Divya Iyer,7010000083,M18,Sneha Rao,7010000096,2026-02-17 17:30:00,48,voice,114,Hilltop Society
CDR01454,M26,Sneha Gupta,7010000104,M21,Naveen Patel,7010000099,2026-01-04 20:08:00,4,voice,393,Station Road
CDR01455,M32,Nisha Gupta,7010000110,M29,Priya Malhotra,7010000107,2026-02-02 22:03:00,33,sms,0,Central Junction
CDR01456,M5,Divya Iyer,7010000083,M8,Tanya Bansal,7010000086,2026-02-08 12:36:00,39,voice,370,Industrial Estate Road
CDR01457,M29,Priya Malhotra,7010000107,M20,Deepa Jain,7010000098,2026-02-28 07:17:00,59,sms,0,North Bypass
CDR01458,M35,Alok Bhatia,7010000113,M10,Kiran Kulkarni,7010000088,2026-01-08 18:26:00,8,sms,0,Old Market Circle
CDR01459,M22,Swati Bansal,7010000100,M11,Swati Reddy,7010000089,2026-01-19 18:08:00,19,voice,184,North Bypass
CDR01460,M2,Anjali Naidu,7010000080,M4,Manoj Bansal,7010000082,2026-01-15 14:30:00,15,sms,0,Warehouse District
CDR01461,M10,Kiran Kulkarni,7010000088,M25,Karishma Nair,7010000103,2026-02-27 16:11:00,58,voice,105,Central Junction
CDR01462,M21,Naveen Patel,7010000099,M1,Alok Nair,7010000079,2026-02-24 22:01:00,55,voice,92,North Bypass
CDR01463,M23,Bhavna Mishra,7010000101,M13,Harsh Reddy,7010000091,2026-01-25 16:01:00,25,voice,137,Riverside Colony
CDR01464,M3,Alok Sinha,7010000081,M19,Manoj Naidu,7010000097,2026-02-13 12:48:00,44,voice,196,Lakeview Chowk
CDR01465,M14,Rohan Kulkarni,7010000092,M31,Priya Nair,7010000109,2026-02-18 23:40:00,49,voice,75,Central Junction
CDR01466,M20,Deepa Jain,7010000098,M7,Alok Chatterjee,7010000085,2026-01-16 22:31:00,16,voice,379,New Colony
CDR01467,M5,Divya Iyer,7010000083,M20,Deepa Jain,7010000098,2026-02-13 07:29:00,44,voice,154,Eastgate
CDR01468,M17,Karishma Sinha,7010000095,M27,Sonia Gupta,7010000105,2026-03-20 17:33:00,79,voice,181,Dockside Ward
CDR01469,M30,Neha Patel,7010000108,M14,Rohan Kulkarni,7010000092,2026-03-07 21:30:00,66,voice,172,Central Junction
CDR01470,M5,Divya Iyer,7010000083,M27,Sonia Gupta,7010000105,2026-01-03 07:18:00,3,sms,0,New Colony
CDR01471,M25,Karishma Nair,7010000103,M3,Alok Sinha,7010000081,2026-01-12 15:19:00,12,voice,376,New Colony
CDR01472,M6,Pooja Bhatia,7010000084,M10,Kiran Kulkarni,7010000088,2026-01-31 18:01:00,31,voice,149,Dockside Ward
CDR01473,M26,Sneha Gupta,7010000104,M7,Alok Chatterjee,7010000085,2026-02-09 18:14:00,40,voice,232,Station Road
CDR01474,M16,Naveen Dutta,7010000094,M24,Bhavna Bhatia,7010000102,2026-02-03 14:58:00,34,voice,319,Dockside Ward
CDR01475,M31,Priya Nair,7010000109,M12,Tanya Malhotra,7010000090,2026-01-06 20:01:00,6,voice,291,Lakeview Chowk
CDR01476,M21,Naveen Patel,7010000099,M14,Rohan Kulkarni,7010000092,2026-03-31 22:22:00,90,sms,0,Station Road
CDR01477,M17,Karishma Sinha,7010000095,M9,Divya Mishra,7010000087,2026-01-17 22:13:00,17,voice,93,Eastgate
CDR01478,M4,Manoj Bansal,7010000082,M21,Naveen Patel,7010000099,2026-01-12 10:30:00,12,voice,284,Lakeview Chowk
CDR01479,M33,Manoj Nair,7010000111,M1,Alok Nair,7010000079,2026-03-23 16:23:00,82,voice,136,Hilltop Society
CDR01480,M19,Manoj Naidu,7010000097,M7,Alok Chatterjee,7010000085,2026-03-24 18:29:00,83,voice,238,Old Market Circle
CDR01481,M4,Manoj Bansal,7010000082,M27,Sonia Gupta,7010000105,2026-01-13 16:49:00,13,voice,101,North Bypass
CDR01482,M25,Karishma Nair,7010000103,M15,Pallavi Bhatia,7010000093,2026-02-06 21:33:00,37,voice,44,Industrial Estate Road
CDR01483,M17,Karishma Sinha,7010000095,M32,Nisha Gupta,7010000110,2026-02-26 20:32:00,57,voice,326,Central Junction
CDR01484,M21,Naveen Patel,7010000099,M13,Harsh Reddy,7010000091,2026-03-21 14:48:00,80,voice,354,Eastgate
CDR01485,M6,Pooja Bhatia,7010000084,M14,Rohan Kulkarni,7010000092,2026-01-29 19:51:00,29,voice,139,Old Market Circle
CDR01486,M12,Tanya Malhotra,7010000090,M27,Sonia Gupta,7010000105,2026-02-09 18:21:00,40,voice,19,North Bypass
CDR01487,M15,Pallavi Bhatia,7010000093,M32,Nisha Gupta,7010000110,2026-01-02 23:11:00,2,voice,267,Eastgate
CDR01488,M1,Alok Nair,7010000079,M4,Manoj Bansal,7010000082,2026-01-15 13:02:00,15,voice,378,Dockside Ward
CDR01489,M9,Divya Mishra,7010000087,M12,Tanya Malhotra,7010000090,2026-02-26 12:20:00,57,voice,122,Eastgate
CDR01490,M12,Tanya Malhotra,7010000090,M4,Manoj Bansal,7010000082,2026-01-02 19:15:00,2,sms,0,Warehouse District
CDR01491,M34,Harsh Malhotra,7010000112,M1,Alok Nair,7010000079,2026-02-05 17:29:00,36,sms,0,Industrial Estate Road
CDR01492,M6,Pooja Bhatia,7010000084,M7,Alok Chatterjee,7010000085,2026-02-23 17:29:00,54,voice,84,Central Junction
CDR01493,M23,Bhavna Mishra,7010000101,M33,Manoj Nair,7010000111,2026-01-13 14:43:00,13,voice,175,Warehouse District
CDR01494,M32,Nisha Gupta,7010000110,M15,Pallavi Bhatia,7010000093,2026-01-24 21:34:00,24,voice,331,North Bypass
CDR01495,M35,Alok Bhatia,7010000113,M31,Priya Nair,7010000109,2026-02-20 13:55:00,51,voice,45,Station Road
CDR01496,M32,Nisha Gupta,7010000110,M9,Divya Mishra,7010000087,2026-02-25 22:00:00,56,voice,330,Old Market Circle
CDR01497,M34,Harsh Malhotra,7010000112,M12,Tanya Malhotra,7010000090,2026-01-26 12:07:00,26,sms,0,North Bypass
CDR01498,M28,Priya Sinha,7010000106,M25,Karishma Nair,7010000103,2026-03-23 23:25:00,82,voice,166,Station Road
CDR01499,M9,Divya Mishra,7010000087,M17,Karishma Sinha,7010000095,2026-01-23 19:32:00,23,sms,0,Station Road
CDR01500,M24,Bhavna Bhatia,7010000102,M35,Alok Bhatia,7010000113,2026-03-06 12:53:00,65,voice,339,Riverside Colony
CDR01501,M24,Bhavna Bhatia,7010000102,M15,Pallavi Bhatia,7010000093,2026-02-04 22:01:00,35,voice,85,Lakeview Chowk
CDR01502,M28,Priya Sinha,7010000106,M20,Deepa Jain,7010000098,2026-01-25 13:34:00,25,voice,378,Hilltop Society
CDR01503,M27,Sonia Gupta,7010000105,M2,Anjali Naidu,7010000080,2026-01-25 21:48:00,25,voice,260,Industrial Estate Road
CDR01504,M33,Manoj Nair,7010000111,M9,Divya Mishra,7010000087,2026-03-04 12:54:00,63,voice,302,Old Market Circle
CDR01505,M17,Karishma Sinha,7010000095,M33,Manoj Nair,7010000111,2026-03-08 12:03:00,67,sms,0,Central Junction
CDR01506,M27,Sonia Gupta,7010000105,M29,Priya Malhotra,7010000107,2026-03-04 11:34:00,63,sms,0,Hilltop Society
CDR01507,M3,Alok Sinha,7010000081,M35,Alok Bhatia,7010000113,2026-01-15 17:56:00,15,sms,0,Riverside Colony
CDR01508,M6,Pooja Bhatia,7010000084,M11,Swati Reddy,7010000089,2026-02-12 12:41:00,43,sms,0,Industrial Estate Road
CDR01509,M30,Neha Patel,7010000108,M14,Rohan Kulkarni,7010000092,2026-03-17 18:26:00,76,voice,227,North Bypass
CDR01510,M5,Divya Iyer,7010000083,M10,Kiran Kulkarni,7010000088,2026-02-19 17:46:00,50,voice,287,Industrial Estate Road
CDR01511,M21,Naveen Patel,7010000099,M31,Priya Nair,7010000109,2026-02-18 07:25:00,49,voice,228,Eastgate
CDR01512,M28,Priya Sinha,7010000106,M35,Alok Bhatia,7010000113,2026-03-20 13:11:00,79,voice,274,Lakeview Chowk
CDR01513,M12,Tanya Malhotra,7010000090,M25,Karishma Nair,7010000103,2026-01-13 07:00:00,13,voice,149,Hilltop Society
CDR01514,M8,Tanya Bansal,7010000086,M9,Divya Mishra,7010000087,2026-01-12 12:29:00,12,voice,171,Industrial Estate Road
CDR01515,M2,Anjali Naidu,7010000080,M28,Priya Sinha,7010000106,2026-02-01 21:39:00,32,voice,174,Old Market Circle
CDR01516,M17,Karishma Sinha,7010000095,M34,Harsh Malhotra,7010000112,2026-02-09 14:45:00,40,sms,0,Hilltop Society
CDR01517,M34,Harsh Malhotra,7010000112,M1,Alok Nair,7010000079,2026-01-24 17:32:00,24,voice,178,Dockside Ward
CDR01518,M16,Naveen Dutta,7010000094,M21,Naveen Patel,7010000099,2026-03-23 10:29:00,82,voice,150,Lakeview Chowk
CDR01519,M1,Alok Nair,7010000079,M13,Harsh Reddy,7010000091,2026-01-13 23:10:00,13,sms,0,North Bypass
CDR01520,M35,Alok Bhatia,7010000113,M31,Priya Nair,7010000109,2026-03-30 20:21:00,89,voice,304,Riverside Colony
CDR01521,M31,Priya Nair,7010000109,M30,Neha Patel,7010000108,2026-02-28 16:10:00,59,voice,324,North Bypass
CDR01522,M28,Priya Sinha,7010000106,M34,Harsh Malhotra,7010000112,2026-03-31 21:07:00,90,voice,311,Dockside Ward
CDR01523,M3,Alok Sinha,7010000081,M20,Deepa Jain,7010000098,2026-03-18 07:45:00,77,voice,130,Industrial Estate Road
CDR01524,M5,Divya Iyer,7010000083,M16,Naveen Dutta,7010000094,2026-02-24 15:39:00,55,voice,215,Industrial Estate Road
CDR01525,M24,Bhavna Bhatia,7010000102,M10,Kiran Kulkarni,7010000088,2026-02-23 07:17:00,54,voice,161,Lakeview Chowk
CDR01526,M24,Bhavna Bhatia,7010000102,M29,Priya Malhotra,7010000107,2026-02-02 11:30:00,33,voice,168,Warehouse District
CDR01527,M21,Naveen Patel,7010000099,M5,Divya Iyer,7010000083,2026-01-09 11:25:00,9,sms,0,Station Road
CDR01528,M3,Alok Sinha,7010000081,M17,Karishma Sinha,7010000095,2026-03-27 11:59:00,86,voice,318,Lakeview Chowk
CDR01529,M26,Sneha Gupta,7010000104,M7,Alok Chatterjee,7010000085,2026-02-27 20:34:00,58,voice,342,Industrial Estate Road
CDR01530,M13,Harsh Reddy,7010000091,M24,Bhavna Bhatia,7010000102,2026-01-01 22:27:00,1,sms,0,Old Market Circle
CDR01531,M8,Tanya Bansal,7010000086,M6,Pooja Bhatia,7010000084,2026-03-10 22:59:00,69,voice,221,Hilltop Society
CDR01532,M20,Deepa Jain,7010000098,M4,Manoj Bansal,7010000082,2026-03-14 07:41:00,73,voice,383,Old Market Circle
CDR01533,M20,Deepa Jain,7010000098,M2,Anjali Naidu,7010000080,2026-02-11 09:12:00,42,voice,161,Eastgate
CDR01534,M30,Neha Patel,7010000108,M24,Bhavna Bhatia,7010000102,2026-03-04 17:16:00,63,voice,35,North Bypass
CDR01535,M30,Neha Patel,7010000108,M10,Kiran Kulkarni,7010000088,2026-03-20 20:20:00,79,sms,0,Industrial Estate Road
CDR01536,M35,Alok Bhatia,7010000113,M10,Kiran Kulkarni,7010000088,2026-03-04 09:52:00,63,voice,67,Industrial Estate Road
