call_id,caller_id,caller_name,caller_phone,callee_id,callee_name,callee_phone,timestamp,day,call_type,duration_sec,cell_tower_location,ground_truth_flag
CDR00001,A1,Anwar Sheikh,7000000001,A2,Suresh Rane,7000000002,2026-01-14 18:06:00,14,voice,84,Warehouse District,none
CDR00002,A1,Anwar Sheikh,7000000001,A2,Suresh Rane,7000000002,2026-01-16 08:39:00,16,voice,564,Hilltop Society,none
CDR00003,A1,Anwar Sheikh,7000000001,A2,Suresh Rane,7000000002,2026-01-19 17:29:00,19,voice,484,Eastgate,none
CDR00004,A1,Anwar Sheikh,7000000001,A2,Suresh Rane,7000000002,2026-01-24 16:15:00,24,sms,0,Lakeview Chowk,none
CDR00005,A1,Anwar Sheikh,7000000001,A2,Suresh Rane,7000000002,2026-01-25 14:05:00,25,voice,557,Station Road,none
CDR00006,A1,Anwar Sheikh,7000000001,A2,Suresh Rane,7000000002,2026-02-09 17:46:00,40,voice,94,Old Market Circle,none
CDR00007,A1,Anwar Sheikh,7000000001,A2,Suresh Rane,7000000002,2026-03-11 23:26:00,70,voice,370,Riverside Colony,none
CDR00008,A1,Anwar Sheikh,7000000001,A2,Suresh Rane,7000000002,2026-03-13 22:26:00,72,voice,99,New Colony,none
CDR00009,A1,Anwar Sheikh,7000000001,A2,Suresh Rane,7000000002,2026-03-15 17:21:00,74,voice,528,Warehouse District,none
CDR00010,A1,Anwar Sheikh,7000000001,A2,Suresh Rane,7000000002,2026-03-16 21:04:00,75,sms,0,Central Junction,none
CDR00011,A1,Anwar Sheikh,7000000001,A2,Suresh Rane,7000000002,2026-03-23 22:44:00,82,voice,82,Lakeview Chowk,none
CDR00012,A1,Anwar Sheikh,7000000001,A2,Suresh Rane,7000000002,2026-03-29 16:41:00,88,voice,476,Central Junction,none
CDR00013,A1,Anwar Sheikh,7000000001,A3,Farhan Qureshi,7000000003,2026-01-03 11:47:00,3,voice,420,Station Road,none
CDR00014,A1,Anwar Sheikh,7000000001,A3,Farhan Qureshi,7000000003,2026-01-08 09:10:00,8,voice,582,Central Junction,none
CDR00015,A1,Anwar Sheikh,7000000001,A3,Farhan Qureshi,7000000003,2026-01-15 11:52:00,15,voice,583,Central Junction,none
CDR00016,A1,Anwar Sheikh,7000000001,A3,Farhan Qureshi,7000000003,2026-01-22 20:22:00,22,voice,409,Industrial Estate Road,none
CDR00017,A1,Anwar Sheikh,7000000001,A3,Farhan Qureshi,7000000003,2026-01-28 11:05:00,28,voice,257,North Bypass,none
CDR00018,A1,Anwar Sheikh,7000000001,A3,Farhan Qureshi,7000000003,2026-02-06 14:00:00,37,voice,206,Central Junction,none
CDR00019,A1,Anwar Sheikh,7000000001,A3,Farhan Qureshi,7000000003,2026-02-14 16:00:00,45,voice,567,Eastgate,none
CDR00020,A1,Anwar Sheikh,7000000001,A3,Farhan Qureshi,7000000003,2026-02-15 17:08:00,46,voice,547,Warehouse District,none
CDR00021,A1,Anwar Sheikh,7000000001,A3,Farhan Qureshi,7000000003,2026-03-01 08:29:00,60,sms,0,North Bypass,none
CDR00022,A1,Anwar Sheikh,7000000001,A3,Farhan Qureshi,7000000003,2026-03-05 19:25:00,64,voice,126,Station Road,none
CDR00023,A1,Anwar Sheikh,7000000001,A3,Farhan Qureshi,7000000003,2026-03-20 19:03:00,79,voice,233,Station Road,none
CDR00024,A1,Anwar Sheikh,7000000001,A3,Farhan Qureshi,7000000003,2026-03-27 12:07:00,86,voice,73,Old Market Circle,none
CDR00025,A1,Anwar Sheikh,7000000001,A4,Vikas Chauhan,7000000004,2026-01-13 07:04:00,13,sms,0,Warehouse District,none
CDR00026,A1,Anwar Sheikh,7000000001,A4,Vikas Chauhan,7000000004,2026-01-20 19:09:00,20,voice,375,Warehouse District,none
CDR00027,A1,Anwar Sheikh,7000000001,A4,Vikas Chauhan,7000000004,2026-02-16 18:30:00,47,voice,519,Station Road,none
CDR00028,A1,Anwar Sheikh,7000000001,A4,Vikas Chauhan,7000000004,2026-03-10 22:30:00,69,voice,167,Old Market Circle,none
CDR00029,A1,Anwar Sheikh,7000000001,A4,Vikas Chauhan,7000000004,2026-03-14 17:47:00,73,voice,185,New Colony,none
CDR00030,A1,Anwar Sheikh,7000000001,A4,Vikas Chauhan,7000000004,2026-03-20 07:13:00,79,sms,0,New Colony,none
CDR00031,A2,Suresh Rane,7000000002,A5,Ganesh Pawar,7000000005,2026-01-04 18:58:00,4,voice,248,New Colony,none
CDR00032,A2,Suresh Rane,7000000002,A5,Ganesh Pawar,7000000005,2026-01-12 23:21:00,12,voice,219,Industrial Estate Road,none
CDR00033,A2,Suresh Rane,7000000002,A5,Ganesh Pawar,7000000005,2026-01-19 19:47:00,19,sms,0,Industrial Estate Road,none
CDR00034,A2,Suresh Rane,7000000002,A5,Ganesh Pawar,7000000005,2026-02-03 23:31:00,34,voice,49,Dockside Ward,none
CDR00035,A2,Suresh Rane,7000000002,A5,Ganesh Pawar,7000000005,2026-02-08 15:30:00,39,voice,372,Station Road,none
CDR00036,A2,Suresh Rane,7000000002,A5,Ganesh Pawar,7000000005,2026-03-08 18:23:00,67,voice,124,Industrial Estate Road,none
CDR00037,A2,Suresh Rane,7000000002,A5,Ganesh Pawar,7000000005,2026-03-09 22:12:00,68,voice,514,Warehouse District,none
CDR00038,A2,Suresh Rane,7000000002,A5,Ganesh Pawar,7000000005,2026-03-11 07:30:00,70,sms,0,Eastgate,none
CDR00039,A2,Suresh Rane,7000000002,A5,Ganesh Pawar,7000000005,2026-03-24 09:53:00,83,voice,417,Lakeview Chowk,none
CDR00040,A2,Suresh Rane,7000000002,A5,Ganesh Pawar,7000000005,2026-03-30 13:30:00,89,sms,0,Hilltop Society,none
CDR00041,A2,Suresh Rane,7000000002,A5,Ganesh Pawar,7000000005,2026-03-31 17:05:00,90,sms,0,Lakeview Chowk,none
CDR00042,A2,Suresh Rane,7000000002,A6,Iqbal Khan,7000000006,2026-01-04 22:42:00,4,sms,0,Riverside Colony,none
CDR00043,A2,Suresh Rane,7000000002,A6,Iqbal Khan,7000000006,2026-01-11 11:01:00,11,voice,125,New Colony,none
CDR00044,A2,Suresh Rane,7000000002,A6,Iqbal Khan,7000000006,2026-01-17 11:27:00,17,sms,0,Industrial Estate Road,none
CDR00045,A2,Suresh Rane,7000000002,A6,Iqbal Khan,7000000006,2026-01-19 13:01:00,19,voice,319,New Colony,none
CDR00046,A2,Suresh Rane,7000000002,A6,Iqbal Khan,7000000006,2026-01-20 14:48:00,20,voice,285,New Colony,none
CDR00047,A2,Suresh Rane,7000000002,A6,Iqbal Khan,7000000006,2026-01-21 20:53:00,21,voice,382,Station Road,none
CDR00048,A2,Suresh Rane,7000000002,A6,Iqbal Khan,7000000006,2026-01-22 23:26:00,22,sms,0,New Colony,none
CDR00049,A2,Suresh Rane,7000000002,A6,Iqbal Khan,7000000006,2026-02-21 11:34:00,52,voice,542,Dockside Ward,none
CDR00050,A2,Suresh Rane,7000000002,A6,Iqbal Khan,7000000006,2026-03-01 21:49:00,60,voice,24,Riverside Colony,none
CDR00051,A2,Suresh Rane,7000000002,A6,Iqbal Khan,7000000006,2026-03-17 12:09:00,76,voice,143,New Colony,none
CDR00052,A2,Suresh Rane,7000000002,A6,Iqbal Khan,7000000006,2026-03-20 08:20:00,79,voice,563,New Colony,none
CDR00053,A2,Suresh Rane,7000000002,A6,Iqbal Khan,7000000006,2026-03-25 22:50:00,84,sms,0,New Colony,none
CDR00054,A2,Suresh Rane,7000000002,A13,Karan Mehra,7000000007,2026-01-06 21:35:00,6,voice,84,Station Road,none
CDR00055,A2,Suresh Rane,7000000002,A13,Karan Mehra,7000000007,2026-01-13 17:39:00,13,sms,0,Warehouse District,none
CDR00056,A2,Suresh Rane,7000000002,A13,Karan Mehra,7000000007,2026-01-25 23:12:00,25,voice,483,New Colony,none
CDR00057,A2,Suresh Rane,7000000002,A13,Karan Mehra,7000000007,2026-02-01 22:32:00,32,sms,0,Lakeview Chowk,none
CDR00058,A2,Suresh Rane,7000000002,A13,Karan Mehra,7000000007,2026-02-05 23:56:00,36,sms,0,Central Junction,none
CDR00059,A2,Suresh Rane,7000000002,A13,Karan Mehra,7000000007,2026-03-06 13:53:00,65,voice,446,Old Market Circle,none
CDR00060,A3,Farhan Qureshi,7000000003,A7,Ramesh Yadav,7000000008,2026-01-10 18:09:00,10,voice,160,Station Road,none
CDR00061,A3,Farhan Qureshi,7000000003,A7,Ramesh Yadav,7000000008,2026-01-16 14:47:00,16,sms,0,Hilltop Society,none
CDR00062,A3,Farhan Qureshi,7000000003,A7,Ramesh Yadav,7000000008,2026-01-20 22:10:00,20,sms,0,Industrial Estate Road,none
CDR00063,A3,Farhan Qureshi,7000000003,A7,Ramesh Yadav,7000000008,2026-01-28 12:45:00,28,voice,547,Hilltop Society,none
CDR00064,A3,Farhan Qureshi,7000000003,A7,Ramesh Yadav,7000000008,2026-01-31 17:26:00,31,voice,346,Old Market Circle,none
CDR00065,A3,Farhan Qureshi,7000000003,A7,Ramesh Yadav,7000000008,2026-02-08 18:01:00,39,voice,489,Station Road,none
CDR00066,A3,Farhan Qureshi,7000000003,A7,Ramesh Yadav,7000000008,2026-02-10 07:24:00,41,voice,322,New Colony,none
CDR00067,A3,Farhan Qureshi,7000000003,A7,Ramesh Yadav,7000000008,2026-02-24 09:07:00,55,sms,0,Industrial Estate Road,none
CDR00068,A3,Farhan Qureshi,7000000003,A7,Ramesh Yadav,7000000008,2026-02-26 10:05:00,57,voice,60,Riverside Colony,none
CDR00069,A3,Farhan Qureshi,7000000003,A7,Ramesh Yadav,7000000008,2026-03-24 15:48:00,83,voice,452,North Bypass,none
CDR00070,A3,Farhan Qureshi,7000000003,A7,Ramesh Yadav,7000000008,2026-03-26 15:25:00,85,voice,547,Warehouse District,none
CDR00071,A3,Farhan Qureshi,7000000003,A7,Ramesh Yadav,7000000008,2026-03-27 22:44:00,86,voice,305,Dockside Ward,none
CDR00072,A3,Farhan Qureshi,7000000003,A8,Sanjay More,7000000009,2026-01-03 14:04:00,3,voice,144,Station Road,none
CDR00073,A3,Farhan Qureshi,7000000003,A8,Sanjay More,7000000009,2026-01-10 07:21:00,10,sms,0,Hilltop Society,none
CDR00074,A3,Farhan Qureshi,7000000003,A8,Sanjay More,7000000009,2026-01-11 15:39:00,11,voice,559,Lakeview Chowk,none
CDR00075,A3,Farhan Qureshi,7000000003,A8,Sanjay More,7000000009,2026-01-12 14:07:00,12,sms,0,Central Junction,none
CDR00076,A3,Farhan Qureshi,7000000003,A8,Sanjay More,7000000009,2026-02-03 08:11:00,34,voice,339,North Bypass,none
CDR00077,A3,Farhan Qureshi,7000000003,A8,Sanjay More,7000000009,2026-02-04 16:33:00,35,sms,0,Central Junction,none
CDR00078,A3,Farhan Qureshi,7000000003,A8,Sanjay More,7000000009,2026-02-24 21:32:00,55,voice,297,Eastgate,none
CDR00079,A3,Farhan Qureshi,7000000003,A8,Sanjay More,7000000009,2026-03-23 07:16:00,82,voice,38,Lakeview Chowk,none
CDR00080,A4,Vikas Chauhan,7000000004,A9,Tariq Ansari,7000000010,2026-01-14 16:44:00,14,voice,255,Eastgate,none
CDR00081,A4,Vikas Chauhan,7000000004,A9,Tariq Ansari,7000000010,2026-01-25 13:53:00,25,sms,0,Lakeview Chowk,none
CDR00082,A4,Vikas Chauhan,7000000004,A9,Tariq Ansari,7000000010,2026-02-01 11:25:00,32,sms,0,Dockside Ward,none
CDR00083,A4,Vikas Chauhan,7000000004,A9,Tariq Ansari,7000000010,2026-02-20 11:00:00,51,voice,281,Hilltop Society,none
CDR00084,A4,Vikas Chauhan,7000000004,A9,Tariq Ansari,7000000010,2026-02-25 12:03:00,56,voice,410,New Colony,none
CDR00085,A4,Vikas Chauhan,7000000004,A9,Tariq Ansari,7000000010,2026-02-27 16:38:00,58,voice,320,Dockside Ward,none
CDR00086,A4,Vikas Chauhan,7000000004,A9,Tariq Ansari,7000000010,2026-03-02 21:11:00,61,voice,476,Dockside Ward,none
CDR00087,A4,Vikas Chauhan,7000000004,A9,Tariq Ansari,7000000010,2026-03-05 15:23:00,64,sms,0,New Colony,none
CDR00088,A4,Vikas Chauhan,7000000004,A9,Tariq Ansari,7000000010,2026-03-06 17:15:00,65,voice,336,Industrial Estate Road,none
CDR00089,A4,Vikas Chauhan,7000000004,A9,Tariq Ansari,7000000010,2026-03-07 18:11:00,66,voice,410,Old Market Circle,none
CDR00090,A4,Vikas Chauhan,7000000004,A9,Tariq Ansari,7000000010,2026-03-11 22:17:00,70,voice,225,Industrial Estate Road,none
CDR00091,A4,Vikas Chauhan,7000000004,A9,Tariq Ansari,7000000010,2026-03-12 23:49:00,71,voice,290,Old Market Circle,none
CDR00092,A4,Vikas Chauhan,7000000004,A9,Tariq Ansari,7000000010,2026-03-25 11:25:00,84,voice,423,Dockside Ward,none
CDR00093,A4,Vikas Chauhan,7000000004,A9,Tariq Ansari,7000000010,2026-03-26 16:19:00,85,voice,106,Warehouse District,none
CDR00094,A4,Vikas Chauhan,7000000004,A10,Faisal Shah,7000000011,2026-01-06 23:08:00,6,sms,0,New Colony,none
CDR00095,A4,Vikas Chauhan,7000000004,A10,Faisal Shah,7000000011,2026-01-19 07:52:00,19,voice,255,Old Market Circle,none
CDR00096,A4,Vikas Chauhan,7000000004,A10,Faisal Shah,7000000011,2026-01-20 07:02:00,20,voice,389,Old Market Circle,none
CDR00097,A4,Vikas Chauhan,7000000004,A10,Faisal Shah,7000000011,2026-02-06 19:53:00,37,voice,71,North Bypass,none
CDR00098,A4,Vikas Chauhan,7000000004,A10,Faisal Shah,7000000011,2026-02-11 07:40:00,42,voice,270,Station Road,none
CDR00099,A4,Vikas Chauhan,7000000004,A10,Faisal Shah,7000000011,2026-02-19 15:00:00,50,voice,91,Lakeview Chowk,none
CDR00100,A4,Vikas Chauhan,7000000004,A10,Faisal Shah,7000000011,2026-02-24 23:57:00,55,voice,558,Old Market Circle,none
CDR00101,A4,Vikas Chauhan,7000000004,A10,Faisal Shah,7000000011,2026-03-05 22:16:00,64,sms,0,Central Junction,none
CDR00102,A4,Vikas Chauhan,7000000004,A10,Faisal Shah,7000000011,2026-03-07 14:46:00,66,sms,0,Industrial Estate Road,none
CDR00103,A4,Vikas Chauhan,7000000004,A10,Faisal Shah,7000000011,2026-03-18 21:31:00,77,sms,0,Old Market Circle,none
CDR00104,A4,Vikas Chauhan,7000000004,A10,Faisal Shah,7000000011,2026-03-21 22:58:00,80,voice,67,Warehouse District,none
CDR00105,A4,Vikas Chauhan,7000000004,A10,Faisal Shah,7000000011,2026-03-22 13:04:00,81,voice,359,Central Junction,none
CDR00106,A4,Vikas Chauhan,7000000004,A10,Faisal Shah,7000000011,2026-03-24 16:39:00,83,voice,32,Station Road,none
CDR00107,A4,Vikas Chauhan,7000000004,A10,Faisal Shah,7000000011,2026-03-26 08:31:00,85,voice,121,Lakeview Chowk,none
CDR00108,A1,Anwar Sheikh,7000000001,A11,Meena Joshi,7000000012,2026-01-16 16:05:00,16,sms,0,Dockside Ward,none
CDR00109,A1,Anwar Sheikh,7000000001,A11,Meena Joshi,7000000012,2026-01-26 16:29:00,26,voice,538,Station Road,none
CDR00110,A1,Anwar Sheikh,7000000001,A11,Meena Joshi,7000000012,2026-02-06 15:24:00,37,voice,235,Old Market Circle,none
CDR00111,A1,Anwar Sheikh,7000000001,A11,Meena Joshi,7000000012,2026-02-07 09:09:00,38,voice,288,Eastgate,none
CDR00112,A1,Anwar Sheikh,7000000001,A11,Meena Joshi,7000000012,2026-03-01 11:38:00,60,sms,0,New Colony,none
CDR00113,A1,Anwar Sheikh,7000000001,A11,Meena Joshi,7000000012,2026-03-04 15:56:00,63,voice,393,Industrial Estate Road,none
CDR00114,A1,Anwar Sheikh,7000000001,A11,Meena Joshi,7000000012,2026-03-08 22:57:00,67,sms,0,Hilltop Society,none
CDR00115,A1,Anwar Sheikh,7000000001,A11,Meena Joshi,7000000012,2026-03-12 07:10:00,71,voice,523,North Bypass,none
CDR00116,A1,Anwar Sheikh,7000000001,A11,Meena Joshi,7000000012,2026-03-28 21:25:00,87,voice,164,Hilltop Society,none
CDR00117,A1,Anwar Sheikh,7000000001,A12,Rohit Bhatt,7000000013,2026-01-01 15:23:00,1,voice,419,Warehouse District,none
CDR00118,A1,Anwar Sheikh,7000000001,A12,Rohit Bhatt,7000000013,2026-01-02 09:23:00,2,sms,0,Central Junction,none
CDR00119,A1,Anwar Sheikh,7000000001,A12,Rohit Bhatt,7000000013,2026-01-16 08:17:00,16,voice,312,North Bypass,none
CDR00120,A1,Anwar Sheikh,7000000001,A12,Rohit Bhatt,7000000013,2026-01-26 11:15:00,26,sms,0,Hilltop Society,none
CDR00121,A1,Anwar Sheikh,7000000001,A12,Rohit Bhatt,7000000013,2026-02-07 23:20:00,38,voice,402,Hilltop Society,none
CDR00122,A1,Anwar Sheikh,7000000001,A12,Rohit Bhatt,7000000013,2026-02-10 07:51:00,41,sms,0,Hilltop Society,none
CDR00123,A1,Anwar Sheikh,7000000001,A12,Rohit Bhatt,7000000013,2026-02-11 13:46:00,42,voice,440,Station Road,none
CDR00124,A1,Anwar Sheikh,7000000001,A12,Rohit Bhatt,7000000013,2026-02-12 11:41:00,43,sms,0,Station Road,none
CDR00125,A1,Anwar Sheikh,7000000001,A12,Rohit Bhatt,7000000013,2026-02-13 08:58:00,44,sms,0,Riverside Colony,none
CDR00126,A1,Anwar Sheikh,7000000001,A12,Rohit Bhatt,7000000013,2026-02-18 12:30:00,49,voice,308,Central Junction,none
CDR00127,A1,Anwar Sheikh,7000000001,A12,Rohit Bhatt,7000000013,2026-02-20 15:47:00,51,voice,286,Hilltop Society,none
CDR00128,B1,Rajan Naik,7000000014,B2,Salim Pathan,7000000015,2026-01-16 09:13:00,16,voice,529,New Colony,none
CDR00129,B1,Rajan Naik,7000000014,B2,Salim Pathan,7000000015,2026-01-21 14:28:00,21,sms,0,Station Road,none
CDR00130,B1,Rajan Naik,7000000014,B2,Salim Pathan,7000000015,2026-01-22 20:08:00,22,voice,269,Old Market Circle,none
CDR00131,B1,Rajan Naik,7000000014,B2,Salim Pathan,7000000015,2026-02-08 12:21:00,39,voice,346,Industrial Estate Road,none
CDR00132,B1,Rajan Naik,7000000014,B2,Salim Pathan,7000000015,2026-02-20 18:16:00,51,sms,0,Industrial Estate Road,none
CDR00133,B1,Rajan Naik,7000000014,B2,Salim Pathan,7000000015,2026-03-03 07:47:00,62,sms,0,Hilltop Society,none
CDR00134,B1,Rajan Naik,7000000014,B2,Salim Pathan,7000000015,2026-03-13 20:47:00,72,voice,405,Central Junction,none
CDR00135,B1,Rajan Naik,7000000014,B2,Salim Pathan,7000000015,2026-03-24 17:48:00,83,voice,304,Warehouse District,none
CDR00136,B1,Rajan Naik,7000000014,B2,Salim Pathan,7000000015,2026-03-27 18:08:00,86,voice,561,North Bypass,none
CDR00137,B1,Rajan Naik,7000000014,B3,Vinod Chavan,7000000016,2026-01-12 07:08:00,12,voice,504,Warehouse District,none
CDR00138,B1,Rajan Naik,7000000014,B3,Vinod Chavan,7000000016,2026-02-01 22:00:00,32,voice,560,Station Road,none
CDR00139,B1,Rajan Naik,7000000014,B3,Vinod Chavan,7000000016,2026-02-04 21:15:00,35,sms,0,Industrial Estate Road,none
CDR00140,B1,Rajan Naik,7000000014,B3,Vinod Chavan,7000000016,2026-02-09 11:09:00,40,voice,131,Lakeview Chowk,none
CDR00141,B1,Rajan Naik,7000000014,B3,Vinod Chavan,7000000016,2026-02-19 21:05:00,50,voice,60,Dockside Ward,none
CDR00142,B1,Rajan Naik,7000000014,B3,Vinod Chavan,7000000016,2026-02-21 11:14:00,52,voice,58,North Bypass,none
CDR00143,B1,Rajan Naik,7000000014,B3,Vinod Chavan,7000000016,2026-02-25 16:08:00,56,voice,560,North Bypass,none
CDR00144,B1,Rajan Naik,7000000014,B3,Vinod Chavan,7000000016,2026-02-27 20:44:00,58,sms,0,Old Market Circle,none
CDR00145,B1,Rajan Naik,7000000014,B3,Vinod Chavan,7000000016,2026-03-24 09:19:00,83,voice,216,Hilltop Society,none
CDR00146,B1,Rajan Naik,7000000014,B4,Nitin Kamble,7000000017,2026-01-01 14:30:00,1,voice,580,Industrial Estate Road,none
CDR00147,B1,Rajan Naik,7000000014,B4,Nitin Kamble,7000000017,2026-01-02 07:26:00,2,voice,334,Dockside Ward,none
CDR00148,B1,Rajan Naik,7000000014,B4,Nitin Kamble,7000000017,2026-01-29 07:12:00,29,voice,450,Old Market Circle,none
CDR00149,B1,Rajan Naik,7000000014,B4,Nitin Kamble,7000000017,2026-02-05 15:14:00,36,voice,399,Industrial Estate Road,none
CDR00150,B1,Rajan Naik,7000000014,B4,Nitin Kamble,7000000017,2026-02-08 22:02:00,39,voice,450,Eastgate,none
CDR00151,B1,Rajan Naik,7000000014,B4,Nitin Kamble,7000000017,2026-02-10 19:12:00,41,voice,319,Lakeview Chowk,none
CDR00152,B1,Rajan Naik,7000000014,B4,Nitin Kamble,7000000017,2026-02-28 23:04:00,59,voice,225,Central Junction,none
CDR00153,B1,Rajan Naik,7000000014,B4,Nitin Kamble,7000000017,2026-03-10 13:14:00,69,voice,291,Central Junction,none
CDR00154,B1,Rajan Naik,7000000014,B4,Nitin Kamble,7000000017,2026-03-18 10:39:00,77,voice,211,Industrial Estate Road,none
CDR00155,B1,Rajan Naik,7000000014,B4,Nitin Kamble,7000000017,2026-03-24 22:26:00,83,sms,0,Dockside Ward,none
CDR00156,B2,Salim Pathan,7000000015,B5,Ashok Gaikwad,7000000018,2026-01-04 12:25:00,4,voice,341,Lakeview Chowk,none
CDR00157,B2,Salim Pathan,7000000015,B5,Ashok Gaikwad,7000000018,2026-01-07 10:05:00,7,sms,0,Eastgate,none
CDR00158,B2,Salim Pathan,7000000015,B5,Ashok Gaikwad,7000000018,2026-01-08 13:11:00,8,voice,557,Lakeview Chowk,none
CDR00159,B2,Salim Pathan,7000000015,B5,Ashok Gaikwad,7000000018,2026-01-19 21:02:00,19,voice,407,Eastgate,none
CDR00160,B2,Salim Pathan,7000000015,B5,Ashok Gaikwad,7000000018,2026-01-28 17:28:00,28,voice,22,Old Market Circle,none
CDR00161,B2,Salim Pathan,7000000015,B5,Ashok Gaikwad,7000000018,2026-02-20 15:05:00,51,voice,146,New Colony,none
CDR00162,B2,Salim Pathan,7000000015,B5,Ashok Gaikwad,7000000018,2026-02-23 13:24:00,54,voice,336,Hilltop Society,none
CDR00163,B2,Salim Pathan,7000000015,B5,Ashok Gaikwad,7000000018,2026-03-18 09:03:00,77,voice,220,Eastgate,none
CDR00164,B2,Salim Pathan,7000000015,B6,Imran Baig,7000000019,2026-01-04 09:51:00,4,sms,0,Central Junction,none
CDR00165,B2,Salim Pathan,7000000015,B6,Imran Baig,7000000019,2026-01-05 13:47:00,5,voice,367,Eastgate,none
CDR00166,B2,Salim Pathan,7000000015,B6,Imran Baig,7000000019,2026-01-06 15:21:00,6,sms,0,Warehouse District,none
CDR00167,B2,Salim Pathan,7000000015,B6,Imran Baig,7000000019,2026-01-25 08:16:00,25,voice,344,Central Junction,none
CDR00168,B2,Salim Pathan,7000000015,B6,Imran Baig,7000000019,2026-02-01 16:00:00,32,voice,86,Dockside Ward,none
CDR00169,B2,Salim Pathan,7000000015,B6,Imran Baig,7000000019,2026-02-11 14:06:00,42,voice,496,Hilltop Society,none
CDR00170,B2,Salim Pathan,7000000015,B6,Imran Baig,7000000019,2026-02-16 15:58:00,47,voice,525,Riverside Colony,none
CDR00171,B2,Salim Pathan,7000000015,B6,Imran Baig,7000000019,2026-02-18 22:11:00,49,voice,330,Lakeview Chowk,none
CDR00172,B2,Salim Pathan,7000000015,B6,Imran Baig,7000000019,2026-02-21 11:38:00,52,voice,347,Station Road,none
CDR00173,B2,Salim Pathan,7000000015,B6,Imran Baig,7000000019,2026-02-22 18:50:00,53,sms,0,Old Market Circle,none
CDR00174,B2,Salim Pathan,7000000015,B6,Imran Baig,7000000019,2026-02-27 23:12:00,58,voice,183,Industrial Estate Road,none
CDR00175,B2,Salim Pathan,7000000015,B6,Imran Baig,7000000019,2026-03-01 20:04:00,60,voice,513,New Colony,none
CDR00176,B2,Salim Pathan,7000000015,B6,Imran Baig,7000000019,2026-03-02 17:10:00,61,sms,0,Old Market Circle,none
CDR00177,B2,Salim Pathan,7000000015,B6,Imran Baig,7000000019,2026-03-22 09:16:00,81,voice,233,Old Market Circle,none
CDR00178,B2,Salim Pathan,7000000015,B13,Sameer Jadhav,7000000020,2026-01-18 10:49:00,18,sms,0,Central Junction,none
CDR00179,B2,Salim Pathan,7000000015,B13,Sameer Jadhav,7000000020,2026-01-23 15:36:00,23,voice,280,Lakeview Chowk,none
CDR00180,B2,Salim Pathan,7000000015,B13,Sameer Jadhav,7000000020,2026-01-30 15:12:00,30,voice,210,Industrial Estate Road,none
CDR00181,B2,Salim Pathan,7000000015,B13,Sameer Jadhav,7000000020,2026-01-31 14:09:00,31,voice,212,Eastgate,none
CDR00182,B2,Salim Pathan,7000000015,B13,Sameer Jadhav,7000000020,2026-02-23 09:25:00,54,voice,271,New Colony,none
CDR00183,B2,Salim Pathan,7000000015,B13,Sameer Jadhav,7000000020,2026-02-27 23:14:00,58,voice,122,North Bypass,none
CDR00184,B2,Salim Pathan,7000000015,B13,Sameer Jadhav,7000000020,2026-02-28 21:02:00,59,voice,506,Industrial Estate Road,none
CDR00185,B2,Salim Pathan,7000000015,B13,Sameer Jadhav,7000000020,2026-03-05 21:58:00,64,voice,320,Industrial Estate Road,none
CDR00186,B2,Salim Pathan,7000000015,B13,Sameer Jadhav,7000000020,2026-03-10 10:03:00,69,voice,218,Old Market Circle,none
CDR00187,B2,Salim Pathan,7000000015,B13,Sameer Jadhav,7000000020,2026-03-21 18:32:00,80,sms,0,Station Road,none
CDR00188,B2,Salim Pathan,7000000015,B13,Sameer Jadhav,7000000020,2026-03-27 15:49:00,86,sms,0,Dockside Ward,none
CDR00189,B2,Salim Pathan,7000000015,B13,Sameer Jadhav,7000000020,2026-03-28 10:40:00,87,voice,378,Industrial Estate Road,none
CDR00190,B3,Vinod Chavan,7000000016,B7,Deepak Sawant,7000000021,2026-01-06 08:38:00,6,voice,228,Dockside Ward,none
CDR00191,B3,Vinod Chavan,7000000016,B7,Deepak Sawant,7000000021,2026-01-19 17:26:00,19,voice,209,Warehouse District,none
CDR00192,B3,Vinod Chavan,7000000016,B7,Deepak Sawant,7000000021,2026-01-27 16:04:00,27,voice,527,New Colony,none
CDR00193,B3,Vinod Chavan,7000000016,B7,Deepak Sawant,7000000021,2026-02-02 22:04:00,33,voice,424,North Bypass,none
CDR00194,B3,Vinod Chavan,7000000016,B7,Deepak Sawant,7000000021,2026-02-13 11:40:00,44,voice,187,Hilltop Society,none
CDR00195,B3,Vinod Chavan,7000000016,B7,Deepak Sawant,7000000021,2026-02-17 15:26:00,48,sms,0,North Bypass,none
CDR00196,B3,Vinod Chavan,7000000016,B8,Waseem Ali,7000000022,2026-01-03 19:13:00,3,sms,0,Hilltop Society,none
CDR00197,B3,Vinod Chavan,7000000016,B8,Waseem Ali,7000000022,2026-01-07 12:27:00,7,voice,112,Hilltop Society,none
CDR00198,B3,Vinod Chavan,7000000016,B8,Waseem Ali,7000000022,2026-01-26 18:29:00,26,sms,0,Riverside Colony,none
CDR00199,B3,Vinod Chavan,7000000016,B8,Waseem Ali,7000000022,2026-02-09 07:03:00,40,voice,426,Old Market Circle,none
CDR00200,B3,Vinod Chavan,7000000016,B8,Waseem Ali,7000000022,2026-02-15 18:47:00,46,voice,169,Eastgate,none
CDR00201,B3,Vinod Chavan,7000000016,B8,Waseem Ali,7000000022,2026-02-16 16:10:00,47,voice,88,Old Market Circle,none
CDR00202,B3,Vinod Chavan,7000000016,B8,Waseem Ali,7000000022,2026-02-20 19:31:00,51,sms,0,Industrial Estate Road,none
CDR00203,B3,Vinod Chavan,7000000016,B8,Waseem Ali,7000000022,2026-02-23 16:08:00,54,sms,0,Dockside Ward,none
CDR00204,B3,Vinod Chavan,7000000016,B8,Waseem Ali,7000000022,2026-03-14 22:20:00,73,voice,417,Old Market Circle,none
CDR00205,B3,Vinod Chavan,7000000016,B8,Waseem Ali,7000000022,2026-03-24 12:40:00,83,sms,0,Industrial Estate Road,none
CDR00206,B4,Nitin Kamble,7000000017,B9,Rafiq Shaikh,7000000023,2026-01-06 10:09:00,6,voice,217,Dockside Ward,none
CDR00207,B4,Nitin Kamble,7000000017,B9,Rafiq Shaikh,7000000023,2026-01-21 08:42:00,21,sms,0,Old Market Circle,none
CDR00208,B4,Nitin Kamble,7000000017,B9,Rafiq Shaikh,7000000023,2026-01-24 19:38:00,24,voice,333,North Bypass,none
CDR00209,B4,Nitin Kamble,7000000017,B9,Rafiq Shaikh,7000000023,2026-01-26 20:19:00,26,voice,455,Hilltop Society,none
CDR00210,B4,Nitin Kamble,7000000017,B9,Rafiq Shaikh,7000000023,2026-01-28 18:28:00,28,voice,203,Dockside Ward,none
CDR00211,B4,Nitin Kamble,7000000017,B9,Rafiq Shaikh,7000000023,2026-02-15 07:39:00,46,sms,0,Station Road,none
CDR00212,B4,Nitin Kamble,7000000017,B9,Rafiq Shaikh,7000000023,2026-02-19 14:28:00,50,sms,0,Station Road,none
CDR00213,B4,Nitin Kamble,7000000017,B9,Rafiq Shaikh,7000000023,2026-02-21 12:51:00,52,voice,129,Old Market Circle,none
CDR00214,B4,Nitin Kamble,7000000017,B9,Rafiq Shaikh,7000000023,2026-03-02 11:22:00,61,voice,113,Station Road,none
CDR00215,B4,Nitin Kamble,7000000017,B9,Rafiq Shaikh,7000000023,2026-03-08 23:32:00,67,voice,61,North Bypass,none
CDR00216,B4,Nitin Kamble,7000000017,B9,Rafiq Shaikh,7000000023,2026-03-14 11:05:00,73,sms,0,Eastgate,none
CDR00217,B4,Nitin Kamble,7000000017,B9,Rafiq Shaikh,7000000023,2026-03-20 23:05:00,79,voice,536,Hilltop Society,none
CDR00218,B4,Nitin Kamble,7000000017,B10,Ganesh Pandit,7000000024,2026-01-04 16:51:00,4,sms,0,Riverside Colony,none
CDR00219,B4,Nitin Kamble,7000000017,B10,Ganesh Pandit,7000000024,2026-01-09 14:04:00,9,sms,0,Warehouse District,none
CDR00220,B4,Nitin Kamble,7000000017,B10,Ganesh Pandit,7000000024,2026-01-15 15:10:00,15,voice,301,Station Road,none
CDR00221,B4,Nitin Kamble,7000000017,B10,Ganesh Pandit,7000000024,2026-01-17 11:16:00,17,voice,511,Industrial Estate Road,none
CDR00222,B4,Nitin Kamble,7000000017,B10,Ganesh Pandit,7000000024,2026-01-25 15:39:00,25,voice,346,Eastgate,none
CDR00223,B4,Nitin Kamble,7000000017,B10,Ganesh Pandit,7000000024,2026-03-04 08:12:00,63,voice,185,North Bypass,none
CDR00224,B4,Nitin Kamble,7000000017,B10,Ganesh Pandit,7000000024,2026-03-20 15:43:00,79,voice,405,Riverside Colony,none
CDR00225,B4,Nitin Kamble,7000000017,B10,Ganesh Pandit,7000000024,2026-03-30 15:07:00,89,sms,0,Dockside Ward,none
CDR00226,B1,Rajan Naik,7000000014,B11,Kavita Desai,7000000025,2026-01-14 15:24:00,14,sms,0,Warehouse District,none
CDR00227,B1,Rajan Naik,7000000014,B11,Kavita Desai,7000000025,2026-02-02 11:23:00,33,voice,103,Station Road,none
CDR00228,B1,Rajan Naik,7000000014,B11,Kavita Desai,7000000025,2026-02-17 14:11:00,48,voice,69,Central Junction,none
CDR00229,B1,Rajan Naik,7000000014,B11,Kavita Desai,7000000025,2026-02-20 23:16:00,51,voice,340,Lakeview Chowk,none
CDR00230,B1,Rajan Naik,7000000014,B11,Kavita Desai,7000000025,2026-02-27 07:47:00,58,voice,172,Central Junction,none
CDR00231,B1,Rajan Naik,7000000014,B11,Kavita Desai,7000000025,2026-03-08 20:26:00,67,voice,68,Riverside Colony,none
CDR00232,B1,Rajan Naik,7000000014,B11,Kavita Desai,7000000025,2026-03-10 22:14:00,69,voice,66,Dockside Ward,none
CDR00233,B1,Rajan Naik,7000000014,B11,Kavita Desai,7000000025,2026-03-13 08:00:00,72,voice,331,Old Market Circle,none
CDR00234,B1,Rajan Naik,7000000014,B11,Kavita Desai,7000000025,2026-03-16 23:22:00,75,voice,443,Warehouse District,none
CDR00235,B1,Rajan Naik,7000000014,B11,Kavita Desai,7000000025,2026-03-22 16:37:00,81,voice,395,Warehouse District,none
CDR00236,B1,Rajan Naik,7000000014,B11,Kavita Desai,7000000025,2026-03-30 22:10:00,89,voice,269,Lakeview Chowk,none
CDR00237,B1,Rajan Naik,7000000014,B12,Mohsin Qureshi,7000000026,2026-01-09 15:00:00,9,voice,595,Eastgate,none
CDR00238,B1,Rajan Naik,7000000014,B12,Mohsin Qureshi,7000000026,2026-01-13 21:38:00,13,sms,0,Lakeview Chowk,none
CDR00239,B1,Rajan Naik,7000000014,B12,Mohsin Qureshi,7000000026,2026-01-19 22:15:00,19,voice,20,Dockside Ward,none
CDR00240,B1,Rajan Naik,7000000014,B12,Mohsin Qureshi,7000000026,2026-02-04 08:34:00,35,voice,210,Industrial Estate Road,none
CDR00241,B1,Rajan Naik,7000000014,B12,Mohsin Qureshi,7000000026,2026-02-21 12:03:00,52,sms,0,Old Market Circle,none
CDR00242,B1,Rajan Naik,7000000014,B12,Mohsin Qureshi,7000000026,2026-02-27 07:39:00,58,voice,221,Riverside Colony,none
CDR00243,B1,Rajan Naik,7000000014,B12,Mohsin Qureshi,7000000026,2026-03-23 20:12:00,82,voice,539,North Bypass,none
CDR00244,B1,Rajan Naik,7000000014,B12,Mohsin Qureshi,7000000026,2026-03-27 20:52:00,86,voice,540,Central Junction,none
CDR00245,C1,Prakash Shetty,7000000027,C2,Nasir Malik,7000000028,2026-01-01 20:47:00,1,sms,0,Old Market Circle,none
CDR00246,C1,Prakash Shetty,7000000027,C2,Nasir Malik,7000000028,2026-01-07 21:11:00,7,voice,127,Central Junction,none
CDR00247,C1,Prakash Shetty,7000000027,C2,Nasir Malik,7000000028,2026-02-08 14:41:00,39,voice,363,Lakeview Chowk,none
CDR00248,C1,Prakash Shetty,7000000027,C2,Nasir Malik,7000000028,2026-02-18 15:45:00,49,voice,587,North Bypass,none
CDR00249,C1,Prakash Shetty,7000000027,C2,Nasir Malik,7000000028,2026-03-03 20:43:00,62,sms,0,New Colony,none
CDR00250,C1,Prakash Shetty,7000000027,C2,Nasir Malik,7000000028,2026-03-10 15:18:00,69,voice,242,Old Market Circle,none
CDR00251,C1,Prakash Shetty,7000000027,C2,Nasir Malik,7000000028,2026-03-22 23:00:00,81,voice,261,Lakeview Chowk,none
CDR00252,C1,Prakash Shetty,7000000027,C3,Ravi Kadam,7000000029,2026-01-21 22:30:00,21,sms,0,Lakeview Chowk,none
CDR00253,C1,Prakash Shetty,7000000027,C3,Ravi Kadam,7000000029,2026-01-25 07:54:00,25,voice,259,Warehouse District,none
CDR00254,C1,Prakash Shetty,7000000027,C3,Ravi Kadam,7000000029,2026-01-31 16:50:00,31,voice,99,Warehouse District,none
CDR00255,C1,Prakash Shetty,7000000027,C3,Ravi Kadam,7000000029,2026-02-11 12:09:00,42,voice,134,Old Market Circle,none
CDR00256,C1,Prakash Shetty,7000000027,C3,Ravi Kadam,7000000029,2026-02-12 12:22:00,43,sms,0,Lakeview Chowk,none
CDR00257,C1,Prakash Shetty,7000000027,C3,Ravi Kadam,7000000029,2026-02-18 07:01:00,49,voice,63,Lakeview Chowk,none
CDR00258,C1,Prakash Shetty,7000000027,C3,Ravi Kadam,7000000029,2026-02-19 09:47:00,50,voice,392,Industrial Estate Road,none
CDR00259,C1,Prakash Shetty,7000000027,C3,Ravi Kadam,7000000029,2026-03-18 09:56:00,77,sms,0,Lakeview Chowk,none
CDR00260,C1,Prakash Shetty,7000000027,C3,Ravi Kadam,7000000029,2026-03-22 19:06:00,81,voice,228,Old Market Circle,none
CDR00261,C1,Prakash Shetty,7000000027,C4,Baban Surve,7000000030,2026-01-05 10:08:00,5,voice,229,Central Junction,none
CDR00262,C1,Prakash Shetty,7000000027,C4,Baban Surve,7000000030,2026-01-12 17:21:00,12,voice,41,Eastgate,none
CDR00263,C1,Prakash Shetty,7000000027,C4,Baban Surve,7000000030,2026-02-06 15:59:00,37,voice,396,Eastgate,none
CDR00264,C1,Prakash Shetty,7000000027,C4,Baban Surve,7000000030,2026-03-03 23:30:00,62,sms,0,Warehouse District,none
CDR00265,C1,Prakash Shetty,7000000027,C4,Baban Surve,7000000030,2026-03-22 07:50:00,81,voice,466,New Colony,none
CDR00266,C1,Prakash Shetty,7000000027,C4,Baban Surve,7000000030,2026-03-23 10:22:00,82,voice,69,New Colony,none
CDR00267,C2,Nasir Malik,7000000028,C5,Yusuf Ali,7000000031,2026-01-01 07:22:00,1,voice,523,Lakeview Chowk,none
CDR00268,C2,Nasir Malik,7000000028,C5,Yusuf Ali,7000000031,2026-01-07 12:31:00,7,voice,547,Central Junction,none
CDR00269,C2,Nasir Malik,7000000028,C5,Yusuf Ali,7000000031,2026-01-12 12:18:00,12,sms,0,Lakeview Chowk,none
CDR00270,C2,Nasir Malik,7000000028,C5,Yusuf Ali,7000000031,2026-01-22 14:31:00,22,voice,102,Station Road,none
CDR00271,C2,Nasir Malik,7000000028,C5,Yusuf Ali,7000000031,2026-01-26 10:40:00,26,voice,117,Hilltop Society,none
CDR00272,C2,Nasir Malik,7000000028,C5,Yusuf Ali,7000000031,2026-02-06 19:57:00,37,sms,0,Old Market Circle,none
CDR00273,C2,Nasir Malik,7000000028,C5,Yusuf Ali,7000000031,2026-02-25 20:56:00,56,voice,400,Industrial Estate Road,none
CDR00274,C2,Nasir Malik,7000000028,C5,Yusuf Ali,7000000031,2026-03-09 16:16:00,68,voice,578,New Colony,none
CDR00275,C2,Nasir Malik,7000000028,C5,Yusuf Ali,7000000031,2026-03-15 12:24:00,74,sms,0,North Bypass,none
CDR00276,C2,Nasir Malik,7000000028,C6,Santosh Bhosale,7000000032,2026-01-05 17:33:00,5,voice,481,North Bypass,none
CDR00277,C2,Nasir Malik,7000000028,C6,Santosh Bhosale,7000000032,2026-01-17 17:10:00,17,voice,283,Warehouse District,none
CDR00278,C2,Nasir Malik,7000000028,C6,Santosh Bhosale,7000000032,2026-02-14 14:08:00,45,voice,263,New Colony,none
CDR00279,C2,Nasir Malik,7000000028,C6,Santosh Bhosale,7000000032,2026-02-28 13:17:00,59,voice,178,Lakeview Chowk,none
CDR00280,C2,Nasir Malik,7000000028,C6,Santosh Bhosale,7000000032,2026-03-10 11:15:00,69,voice,554,Eastgate,none
CDR00281,C2,Nasir Malik,7000000028,C6,Santosh Bhosale,7000000032,2026-03-18 12:15:00,77,voice,213,Central Junction,none
CDR00282,C2,Nasir Malik,7000000028,C6,Santosh Bhosale,7000000032,2026-03-19 10:10:00,78,sms,0,Old Market Circle,none
CDR00283,C2,Nasir Malik,7000000028,C6,Santosh Bhosale,7000000032,2026-03-24 13:24:00,83,voice,171,Central Junction,none
CDR00284,C2,Nasir Malik,7000000028,C6,Santosh Bhosale,7000000032,2026-03-30 16:27:00,89,voice,131,North Bypass,none
CDR00285,C2,Nasir Malik,7000000028,C13,Ramesh Chougule,7000000033,2026-01-02 20:44:00,2,voice,323,Station Road,none
CDR00286,C2,Nasir Malik,7000000028,C13,Ramesh Chougule,7000000033,2026-01-05 07:09:00,5,voice,434,Dockside Ward,none
CDR00287,C2,Nasir Malik,7000000028,C13,Ramesh Chougule,7000000033,2026-01-27 14:58:00,27,sms,0,Lakeview Chowk,none
CDR00288,C2,Nasir Malik,7000000028,C13,Ramesh Chougule,7000000033,2026-02-05 20:54:00,36,voice,254,North Bypass,none
CDR00289,C2,Nasir Malik,7000000028,C13,Ramesh Chougule,7000000033,2026-02-19 12:41:00,50,voice,462,Eastgate,none
CDR00290,C2,Nasir Malik,7000000028,C13,Ramesh Chougule,7000000033,2026-02-21 15:40:00,52,voice,449,Industrial Estate Road,none
CDR00291,C2,Nasir Malik,7000000028,C13,Ramesh Chougule,7000000033,2026-03-01 19:45:00,60,voice,180,Central Junction,none
CDR00292,C3,Ravi Kadam,7000000029,C7,Aslam Pathan,7000000034,2026-01-02 19:53:00,2,voice,128,Dockside Ward,none
CDR00293,C3,Ravi Kadam,7000000029,C7,Aslam Pathan,7000000034,2026-01-03 15:34:00,3,voice,224,New Colony,none
CDR00294,C3,Ravi Kadam,7000000029,C7,Aslam Pathan,7000000034,2026-01-24 18:06:00,24,sms,0,Station Road,none
CDR00295,C3,Ravi Kadam,7000000029,C7,Aslam Pathan,7000000034,2026-02-11 13:45:00,42,voice,36,North Bypass,none
CDR00296,C3,Ravi Kadam,7000000029,C7,Aslam Pathan,7000000034,2026-02-22 18:33:00,53,voice,487,Industrial Estate Road,none
CDR00297,C3,Ravi Kadam,7000000029,C7,Aslam Pathan,7000000034,2026-02-28 12:25:00,59,voice,145,Lakeview Chowk,none
CDR00298,C3,Ravi Kadam,7000000029,C7,Aslam Pathan,7000000034,2026-03-03 18:40:00,62,voice,300,Hilltop Society,none
CDR00299,C3,Ravi Kadam,7000000029,C7,Aslam Pathan,7000000034,2026-03-08 19:03:00,67,voice,448,Hilltop Society,none
CDR00300,C3,Ravi Kadam,7000000029,C7,Aslam Pathan,7000000034,2026-03-21 18:37:00,80,voice,249,Central Junction,none
CDR00301,C3,Ravi Kadam,7000000029,C7,Aslam Pathan,7000000034,2026-03-25 19:33:00,84,sms,0,Hilltop Society,none
CDR00302,C3,Ravi Kadam,7000000029,C7,Aslam Pathan,7000000034,2026-03-26 21:13:00,85,voice,90,North Bypass,none
CDR00303,C3,Ravi Kadam,7000000029,C7,Aslam Pathan,7000000034,2026-03-28 13:30:00,87,voice,251,Riverside Colony,none
CDR00304,C3,Ravi Kadam,7000000029,C8,Mahesh Gupta,7000000035,2026-01-17 15:45:00,17,voice,279,Hilltop Society,none
CDR00305,C3,Ravi Kadam,7000000029,C8,Mahesh Gupta,7000000035,2026-01-30 12:30:00,30,voice,307,Eastgate,none
CDR00306,C3,Ravi Kadam,7000000029,C8,Mahesh Gupta,7000000035,2026-02-07 14:41:00,38,voice,511,Station Road,none
CDR00307,C3,Ravi Kadam,7000000029,C8,Mahesh Gupta,7000000035,2026-02-15 20:39:00,46,voice,391,Riverside Colony,none
CDR00308,C3,Ravi Kadam,7000000029,C8,Mahesh Gupta,7000000035,2026-02-22 16:54:00,53,voice,107,Warehouse District,none
CDR00309,C3,Ravi Kadam,7000000029,C8,Mahesh Gupta,7000000035,2026-03-01 17:50:00,60,sms,0,New Colony,none
CDR00310,C3,Ravi Kadam,7000000029,C8,Mahesh Gupta,7000000035,2026-03-02 18:40:00,61,voice,31,Industrial Estate Road,none
CDR00311,C3,Ravi Kadam,7000000029,C8,Mahesh Gupta,7000000035,2026-03-12 09:41:00,71,voice,123,Warehouse District,none
CDR00312,C3,Ravi Kadam,7000000029,C8,Mahesh Gupta,7000000035,2026-03-23 11:54:00,82,voice,482,Eastgate,none
CDR00313,C3,Ravi Kadam,7000000029,C8,Mahesh Gupta,7000000035,2026-03-25 11:13:00,84,sms,0,New Colony,none
CDR00314,C3,Ravi Kadam,7000000029,C8,Mahesh Gupta,7000000035,2026-03-27 12:39:00,86,sms,0,Warehouse District,none
CDR00315,C4,Baban Surve,7000000030,C9,Irfan Sheikh,7000000036,2026-01-26 13:33:00,26,voice,469,North Bypass,none
CDR00316,C4,Baban Surve,7000000030,C9,Irfan Sheikh,7000000036,2026-02-08 10:35:00,39,voice,449,Industrial Estate Road,none
CDR00317,C4,Baban Surve,7000000030,C9,Irfan Sheikh,7000000036,2026-03-05 11:30:00,64,voice,79,Station Road,none
CDR00318,C4,Baban Surve,7000000030,C9,Irfan Sheikh,7000000036,2026-03-12 21:57:00,71,voice,523,Industrial Estate Road,none
CDR00319,C4,Baban Surve,7000000030,C9,Irfan Sheikh,7000000036,2026-03-23 22:10:00,82,voice,26,Riverside Colony,none
CDR00320,C4,Baban Surve,7000000030,C9,Irfan Sheikh,7000000036,2026-03-27 17:29:00,86,voice,529,North Bypass,none
CDR00321,C4,Baban Surve,7000000030,C9,Irfan Sheikh,7000000036,2026-03-30 16:53:00,89,voice,456,Hilltop Society,none
CDR00322,C4,Baban Surve,7000000030,C10,Vijay Salunkhe,7000000037,2026-01-03 08:43:00,3,voice,358,Old Market Circle,none
CDR00323,C4,Baban Surve,7000000030,C10,Vijay Salunkhe,7000000037,2026-01-04 23:30:00,4,voice,167,Dockside Ward,none
CDR00324,C4,Baban Surve,7000000030,C10,Vijay Salunkhe,7000000037,2026-01-24 13:45:00,24,voice,149,Eastgate,none
CDR00325,C4,Baban Surve,7000000030,C10,Vijay Salunkhe,7000000037,2026-02-16 10:55:00,47,voice,369,Station Road,none
CDR00326,C4,Baban Surve,7000000030,C10,Vijay Salunkhe,7000000037,2026-03-20 23:35:00,79,sms,0,Industrial Estate Road,none
CDR00327,C4,Baban Surve,7000000030,C10,Vijay Salunkhe,7000000037,2026-03-23 16:27:00,82,voice,277,New Colony,none
CDR00328,C4,Baban Surve,7000000030,C10,Vijay Salunkhe,7000000037,2026-03-24 08:52:00,83,voice,383,Station Road,none
CDR00329,C1,Prakash Shetty,7000000027,C11,Neha Kulkarni,7000000038,2026-01-16 09:50:00,16,sms,0,Hilltop Society,none
CDR00330,C1,Prakash Shetty,7000000027,C11,Neha Kulkarni,7000000038,2026-01-17 19:34:00,17,voice,428,Central Junction,none
CDR00331,C1,Prakash Shetty,7000000027,C11,Neha Kulkarni,7000000038,2026-01-25 10:00:00,25,voice,506,Warehouse District,none
CDR00332,C1,Prakash Shetty,7000000027,C11,Neha Kulkarni,7000000038,2026-01-27 08:50:00,27,voice,576,Warehouse District,none
CDR00333,C1,Prakash Shetty,7000000027,C11,Neha Kulkarni,7000000038,2026-02-04 19:39:00,35,voice,104,Industrial Estate Road,none
CDR00334,C1,Prakash Shetty,7000000027,C11,Neha Kulkarni,7000000038,2026-02-08 08:42:00,39,voice,198,Old Market Circle,none
CDR00335,C1,Prakash Shetty,7000000027,C11,Neha Kulkarni,7000000038,2026-02-10 12:55:00,41,voice,123,North Bypass,none
CDR00336,C1,Prakash Shetty,7000000027,C11,Neha Kulkarni,7000000038,2026-02-12 07:23:00,43,sms,0,Riverside Colony,none
CDR00337,C1,Prakash Shetty,7000000027,C11,Neha Kulkarni,7000000038,2026-02-14 16:35:00,45,voice,329,Riverside Colony,none
CDR00338,C1,Prakash Shetty,7000000027,C11,Neha Kulkarni,7000000038,2026-03-05 20:02:00,64,voice,461,Warehouse District,none
CDR00339,C1,Prakash Shetty,7000000027,C11,Neha Kulkarni,7000000038,2026-03-06 08:31:00,65,voice,60,Old Market Circle,none
CDR00340,C1,Prakash Shetty,7000000027,C11,Neha Kulkarni,7000000038,2026-03-25 20:36:00,84,voice,434,Station Road,none
CDR00341,C1,Prakash Shetty,7000000027,C12,Sunil Pillai,7000000039,2026-01-02 22:49:00,2,voice,124,Old Market Circle,none
CDR00342,C1,Prakash Shetty,7000000027,C12,Sunil Pillai,7000000039,2026-01-20 22:13:00,20,sms,0,North Bypass,none
CDR00343,C1,Prakash Shetty,7000000027,C12,Sunil Pillai,7000000039,2026-02-19 07:27:00,50,voice,144,Old Market Circle,none
CDR00344,C1,Prakash Shetty,7000000027,C12,Sunil Pillai,7000000039,2026-03-17 13:55:00,76,voice,503,Dockside Ward,none
CDR00345,C1,Prakash Shetty,7000000027,C12,Sunil Pillai,7000000039,2026-03-18 15:46:00,77,voice,481,Lakeview Chowk,none
CDR00346,C1,Prakash Shetty,7000000027,C12,Sunil Pillai,7000000039,2026-03-26 12:59:00,85,voice,168,Lakeview Chowk,none
CDR00347,C1,Prakash Shetty,7000000027,C12,Sunil Pillai,7000000039,2026-03-29 09:18:00,88,voice,530,Station Road,none
CDR00348,X1,Dinesh Mehta,7000000040,A11,Meena Joshi,7000000012,2026-01-02 16:46:00,2,voice,518,Warehouse District,none
CDR00349,X1,Dinesh Mehta,7000000040,A11,Meena Joshi,7000000012,2026-01-05 08:20:00,5,voice,469,Station Road,none
CDR00350,X1,Dinesh Mehta,7000000040,A11,Meena Joshi,7000000012,2026-01-07 12:09:00,7,sms,0,Old Market Circle,none
CDR00351,X1,Dinesh Mehta,7000000040,A11,Meena Joshi,7000000012,2026-01-08 18:41:00,8,voice,447,Station Road,none
CDR00352,X1,Dinesh Mehta,7000000040,A11,Meena Joshi,7000000012,2026-01-11 19:49:00,11,sms,0,Central Junction,none
CDR00353,X1,Dinesh Mehta,7000000040,A11,Meena Joshi,7000000012,2026-02-09 17:18:00,40,voice,360,Warehouse District,none
CDR00354,X1,Dinesh Mehta,7000000040,A11,Meena Joshi,7000000012,2026-02-19 07:53:00,50,voice,336,Warehouse District,none
CDR00355,X1,Dinesh Mehta,7000000040,A11,Meena Joshi,7000000012,2026-03-21 20:56:00,80,voice,416,North Bypass,none
CDR00356,X1,Dinesh Mehta,7000000040,A11,Meena Joshi,7000000012,2026-03-25 19:38:00,84,sms,0,Industrial Estate Road,none
CDR00357,X1,Dinesh Mehta,7000000040,A11,Meena Joshi,7000000012,2026-03-29 21:18:00,88,voice,349,Central Junction,none
CDR00358,X1,Dinesh Mehta,7000000040,B11,Kavita Desai,7000000025,2026-01-06 22:22:00,6,voice,572,New Colony,none
CDR00359,X1,Dinesh Mehta,7000000040,B11,Kavita Desai,7000000025,2026-01-19 22:51:00,19,voice,259,Central Junction,none
CDR00360,X1,Dinesh Mehta,7000000040,B11,Kavita Desai,7000000025,2026-01-21 08:43:00,21,voice,231,Central Junction,none
CDR00361,X1,Dinesh Mehta,7000000040,B11,Kavita Desai,7000000025,2026-02-05 07:50:00,36,voice,573,Old Market Circle,none
CDR00362,X1,Dinesh Mehta,7000000040,B11,Kavita Desai,7000000025,2026-02-06 18:49:00,37,voice,427,Warehouse District,none
CDR00363,X1,Dinesh Mehta,7000000040,B11,Kavita Desai,7000000025,2026-02-24 23:57:00,55,voice,554,Eastgate,none
CDR00364,X1,Dinesh Mehta,7000000040,B11,Kavita Desai,7000000025,2026-03-12 22:32:00,71,voice,213,Industrial Estate Road,none
CDR00365,X1,Dinesh Mehta,7000000040,B11,Kavita Desai,7000000025,2026-03-15 13:05:00,74,voice,316,Eastgate,none
CDR00366,X1,Dinesh Mehta,7000000040,B11,Kavita Desai,7000000025,2026-03-17 18:25:00,76,sms,0,Riverside Colony,none
CDR00367,X1,Dinesh Mehta,7000000040,B11,Kavita Desai,7000000025,2026-03-29 14:02:00,88,sms,0,Station Road,none
CDR00368,X1,Dinesh Mehta,7000000040,C11,Neha Kulkarni,7000000038,2026-01-04 23:38:00,4,voice,54,Industrial Estate Road,none
CDR00369,X1,Dinesh Mehta,7000000040,C11,Neha Kulkarni,7000000038,2026-01-11 22:37:00,11,voice,287,Central Junction,none
CDR00370,X1,Dinesh Mehta,7000000040,C11,Neha Kulkarni,7000000038,2026-01-14 20:06:00,14,sms,0,Warehouse District,none
CDR00371,X1,Dinesh Mehta,7000000040,C11,Neha Kulkarni,7000000038,2026-01-20 11:16:00,20,sms,0,Eastgate,none
CDR00372,X1,Dinesh Mehta,7000000040,C11,Neha Kulkarni,7000000038,2026-02-05 13:11:00,36,voice,48,Dockside Ward,none
CDR00373,X1,Dinesh Mehta,7000000040,C11,Neha Kulkarni,7000000038,2026-02-10 08:35:00,41,voice,489,Station Road,none
CDR00374,X1,Dinesh Mehta,7000000040,C11,Neha Kulkarni,7000000038,2026-02-14 09:55:00,45,voice,426,Old Market Circle,none
CDR00375,X1,Dinesh Mehta,7000000040,C11,Neha Kulkarni,7000000038,2026-02-17 09:16:00,48,voice,258,North Bypass,none
CDR00376,X1,Dinesh Mehta,7000000040,C11,Neha Kulkarni,7000000038,2026-03-01 09:58:00,60,voice,422,Riverside Colony,none
CDR00377,X1,Dinesh Mehta,7000000040,C11,Neha Kulkarni,7000000038,2026-03-18 21:54:00,77,voice,260,Lakeview Chowk,none
CDR00378,X1,Dinesh Mehta,7000000040,C11,Neha Kulkarni,7000000038,2026-03-22 14:11:00,81,voice,282,Eastgate,none
CDR00379,X2,Javed Ansari,7000000041,B1,Rajan Naik,7000000014,2026-01-04 22:03:00,4,voice,345,Dockside Ward,none
CDR00380,X2,Javed Ansari,7000000041,B1,Rajan Naik,7000000014,2026-01-07 13:43:00,7,voice,471,North Bypass,none
CDR00381,X2,Javed Ansari,7000000041,B1,Rajan Naik,7000000014,2026-02-03 10:30:00,34,voice,283,Hilltop Society,none
CDR00382,X2,Javed Ansari,7000000041,B1,Rajan Naik,7000000014,2026-03-07 10:23:00,66,voice,192,Station Road,none
CDR00383,X2,Javed Ansari,7000000041,B1,Rajan Naik,7000000014,2026-03-12 14:51:00,71,voice,32,Station Road,none
CDR00384,X2,Javed Ansari,7000000041,B1,Rajan Naik,7000000014,2026-03-24 13:51:00,83,voice,245,Old Market Circle,none
CDR00385,X2,Javed Ansari,7000000041,C1,Prakash Shetty,7000000027,2026-01-03 10:40:00,3,voice,359,Industrial Estate Road,none
CDR00386,X2,Javed Ansari,7000000041,C1,Prakash Shetty,7000000027,2026-01-10 08:11:00,10,voice,586,Riverside Colony,none
CDR00387,X2,Javed Ansari,7000000041,C1,Prakash Shetty,7000000027,2026-01-13 21:55:00,13,voice,448,Hilltop Society,none
CDR00388,X2,Javed Ansari,7000000041,C1,Prakash Shetty,7000000027,2026-01-18 14:09:00,18,voice,323,Eastgate,none
CDR00389,X2,Javed Ansari,7000000041,C1,Prakash Shetty,7000000027,2026-01-30 12:16:00,30,voice,345,Station Road,none
CDR00390,X2,Javed Ansari,7000000041,C1,Prakash Shetty,7000000027,2026-02-11 22:07:00,42,voice,545,Dockside Ward,none
CDR00391,X2,Javed Ansari,7000000041,C1,Prakash Shetty,7000000027,2026-02-13 13:35:00,44,voice,313,Old Market Circle,none
CDR00392,X2,Javed Ansari,7000000041,C1,Prakash Shetty,7000000027,2026-02-19 15:48:00,50,voice,393,Hilltop Society,none
CDR00393,X2,Javed Ansari,7000000041,C1,Prakash Shetty,7000000027,2026-02-27 15:15:00,58,sms,0,Old Market Circle,none
CDR00394,X2,Javed Ansari,7000000041,C1,Prakash Shetty,7000000027,2026-03-03 19:18:00,62,voice,186,Dockside Ward,none
CDR00395,X2,Javed Ansari,7000000041,C1,Prakash Shetty,7000000027,2026-03-22 16:09:00,81,sms,0,Dockside Ward,none
CDR00396,X3,Arvind Kapoor,7000000042,A1,Anwar Sheikh,7000000001,2026-01-01 13:17:00,1,voice,161,Riverside Colony,none
CDR00397,X3,Arvind Kapoor,7000000042,A1,Anwar Sheikh,7000000001,2026-01-06 23:49:00,6,voice,199,Industrial Estate Road,none
CDR00398,X3,Arvind Kapoor,7000000042,A1,Anwar Sheikh,7000000001,2026-01-18 09:53:00,18,voice,527,Central Junction,none
CDR00399,X3,Arvind Kapoor,7000000042,A1,Anwar Sheikh,7000000001,2026-01-24 12:13:00,24,voice,216,Warehouse District,none
CDR00400,X3,Arvind Kapoor,7000000042,A1,Anwar Sheikh,7000000001,2026-02-06 16:12:00,37,voice,552,Hilltop Society,none
CDR00401,X3,Arvind Kapoor,7000000042,A1,Anwar Sheikh,7000000001,2026-02-13 08:33:00,44,sms,0,Eastgate,none
CDR00402,X3,Arvind Kapoor,7000000042,A1,Anwar Sheikh,7000000001,2026-02-16 16:53:00,47,voice,524,Old Market Circle,none
CDR00403,X3,Arvind Kapoor,7000000042,A1,Anwar Sheikh,7000000001,2026-02-22 07:26:00,53,sms,0,Station Road,none
CDR00404,X3,Arvind Kapoor,7000000042,A1,Anwar Sheikh,7000000001,2026-02-25 11:55:00,56,voice,274,Riverside Colony,none
CDR00405,X3,Arvind Kapoor,7000000042,A1,Anwar Sheikh,7000000001,2026-02-26 18:02:00,57,voice,400,Warehouse District,none
CDR00406,X3,Arvind Kapoor,7000000042,A1,Anwar Sheikh,7000000001,2026-03-06 07:22:00,65,voice,476,New Colony,none
CDR00407,X3,Arvind Kapoor,7000000042,A1,Anwar Sheikh,7000000001,2026-03-07 09:07:00,66,voice,270,Eastgate,none
CDR00408,X3,Arvind Kapoor,7000000042,A1,Anwar Sheikh,7000000001,2026-03-09 19:36:00,68,sms,0,Dockside Ward,none
CDR00409,X3,Arvind Kapoor,7000000042,B1,Rajan Naik,7000000014,2026-01-03 09:14:00,3,voice,191,Old Market Circle,none
CDR00410,X3,Arvind Kapoor,7000000042,B1,Rajan Naik,7000000014,2026-01-04 16:16:00,4,voice,50,Dockside Ward,none
CDR00411,X3,Arvind Kapoor,7000000042,B1,Rajan Naik,7000000014,2026-01-14 10:59:00,14,voice,219,Central Junction,none
CDR00412,X3,Arvind Kapoor,7000000042,B1,Rajan Naik,7000000014,2026-01-18 07:53:00,18,voice,495,New Colony,none
CDR00413,X3,Arvind Kapoor,7000000042,B1,Rajan Naik,7000000014,2026-02-01 14:44:00,32,voice,379,Old Market Circle,none
CDR00414,X3,Arvind Kapoor,7000000042,B1,Rajan Naik,7000000014,2026-02-27 12:02:00,58,voice,496,Station Road,none
CDR00415,X3,Arvind Kapoor,7000000042,B1,Rajan Naik,7000000014,2026-03-05 23:48:00,64,voice,144,Old Market Circle,none
CDR00416,X3,Arvind Kapoor,7000000042,B1,Rajan Naik,7000000014,2026-03-07 19:56:00,66,voice,252,Industrial Estate Road,none
CDR00417,X3,Arvind Kapoor,7000000042,B1,Rajan Naik,7000000014,2026-03-09 11:42:00,68,voice,426,Riverside Colony,none
CDR00418,X3,Arvind Kapoor,7000000042,B1,Rajan Naik,7000000014,2026-03-10 07:40:00,69,voice,450,Warehouse District,none
CDR00419,X4,R.K. Verma,7000000043,A2,Suresh Rane,7000000002,2026-01-05 18:15:00,5,sms,0,North Bypass,none
CDR00420,X4,R.K. Verma,7000000043,A2,Suresh Rane,7000000002,2026-01-07 07:23:00,7,voice,211,Old Market Circle,none
CDR00421,X4,R.K. Verma,7000000043,A2,Suresh Rane,7000000002,2026-01-19 17:27:00,19,voice,41,Industrial Estate Road,none
CDR00422,X4,R.K. Verma,7000000043,A2,Suresh Rane,7000000002,2026-01-31 11:26:00,31,sms,0,Station Road,none
CDR00423,X4,R.K. Verma,7000000043,A2,Suresh Rane,7000000002,2026-02-11 08:51:00,42,sms,0,Dockside Ward,none
CDR00424,X4,R.K. Verma,7000000043,A2,Suresh Rane,7000000002,2026-02-12 08:55:00,43,voice,292,North Bypass,none
CDR00425,X4,R.K. Verma,7000000043,A2,Suresh Rane,7000000002,2026-02-13 15:40:00,44,voice,56,Warehouse District,none
CDR00426,X4,R.K. Verma,7000000043,A2,Suresh Rane,7000000002,2026-02-16 10:16:00,47,voice,33,Hilltop Society,none
CDR00427,X4,R.K. Verma,7000000043,A2,Suresh Rane,7000000002,2026-02-20 14:02:00,51,voice,332,Eastgate,none
CDR00428,X4,R.K. Verma,7000000043,A2,Suresh Rane,7000000002,2026-02-21 12:07:00,52,voice,546,Central Junction,none
CDR00429,X4,R.K. Verma,7000000043,A2,Suresh Rane,7000000002,2026-02-25 09:29:00,56,voice,171,Station Road,none
CDR00430,X4,R.K. Verma,7000000043,A2,Suresh Rane,7000000002,2026-03-08 10:32:00,67,voice,320,Hilltop Society,none
CDR00431,X4,R.K. Verma,7000000043,A2,Suresh Rane,7000000002,2026-03-13 16:17:00,72,voice,109,Lakeview Chowk,none
CDR00432,X4,R.K. Verma,7000000043,A2,Suresh Rane,7000000002,2026-03-14 16:53:00,73,voice,246,North Bypass,none
CDR00433,X4,R.K. Verma,7000000043,B2,Salim Pathan,7000000015,2026-01-04 14:12:00,4,voice,412,Warehouse District,none
CDR00434,X4,R.K. Verma,7000000043,B2,Salim Pathan,7000000015,2026-01-26 19:00:00,26,sms,0,Riverside Colony,none
CDR00435,X4,R.K. Verma,7000000043,B2,Salim Pathan,7000000015,2026-02-01 14:20:00,32,voice,523,Central Junction,none
CDR00436,X4,R.K. Verma,7000000043,B2,Salim Pathan,7000000015,2026-02-08 16:56:00,39,sms,0,Central Junction,none
CDR00437,X4,R.K. Verma,7000000043,B2,Salim Pathan,7000000015,2026-02-09 08:49:00,40,voice,584,Old Market Circle,none
CDR00438,X4,R.K. Verma,7000000043,B2,Salim Pathan,7000000015,2026-02-12 18:28:00,43,voice,549,Hilltop Society,none
CDR00439,X4,R.K. Verma,7000000043,B2,Salim Pathan,7000000015,2026-02-16 21:22:00,47,voice,131,New Colony,none
CDR00440,X4,R.K. Verma,7000000043,B2,Salim Pathan,7000000015,2026-02-28 14:43:00,59,voice,178,Hilltop Society,none
CDR00441,X4,R.K. Verma,7000000043,B2,Salim Pathan,7000000015,2026-03-02 17:42:00,61,voice,227,Warehouse District,none
CDR00442,X4,R.K. Verma,7000000043,B2,Salim Pathan,7000000015,2026-03-03 15:52:00,62,sms,0,Old Market Circle,none
CDR00443,X4,R.K. Verma,7000000043,B2,Salim Pathan,7000000015,2026-03-12 22:17:00,71,sms,0,Lakeview Chowk,none
CDR00444,X4,R.K. Verma,7000000043,B2,Salim Pathan,7000000015,2026-03-20 11:26:00,79,sms,0,Dockside Ward,none
CDR00445,X4,R.K. Verma,7000000043,C2,Nasir Malik,7000000028,2026-01-15 19:54:00,15,voice,488,Central Junction,none
CDR00446,X4,R.K. Verma,7000000043,C2,Nasir Malik,7000000028,2026-01-16 18:18:00,16,voice,558,New Colony,none
CDR00447,X4,R.K. Verma,7000000043,C2,Nasir Malik,7000000028,2026-01-20 19:41:00,20,voice,531,Hilltop Society,none
CDR00448,X4,R.K. Verma,7000000043,C2,Nasir Malik,7000000028,2026-02-05 21:19:00,36,voice,331,Riverside Colony,none
CDR00449,X4,R.K. Verma,7000000043,C2,Nasir Malik,7000000028,2026-02-20 20:36:00,51,voice,257,Old Market Circle,none
CDR00450,X4,R.K. Verma,7000000043,C2,Nasir Malik,7000000028,2026-02-23 17:20:00,54,sms,0,Warehouse District,none
CDR00451,X4,R.K. Verma,7000000043,C2,Nasir Malik,7000000028,2026-03-05 14:20:00,64,voice,456,Dockside Ward,none
CDR00452,X4,R.K. Verma,7000000043,C2,Nasir Malik,7000000028,2026-03-12 07:03:00,71,voice,529,Central Junction,none
CDR00453,X4,R.K. Verma,7000000043,C2,Nasir Malik,7000000028,2026-03-15 16:34:00,74,voice,467,New Colony,none
CDR00454,X4,R.K. Verma,7000000043,C2,Nasir Malik,7000000028,2026-03-16 23:46:00,75,voice,418,Station Road,none
CDR00455,X4,R.K. Verma,7000000043,C2,Nasir Malik,7000000028,2026-03-19 18:02:00,78,voice,379,Station Road,none
CDR00456,X4,R.K. Verma,7000000043,C2,Nasir Malik,7000000028,2026-03-21 07:43:00,80,voice,254,Old Market Circle,none
CDR00457,D1,Ravi Deshmukh,7000000044,D2,Ajay Salvi,7000000045,2026-01-20 17:44:00,20,voice,114,Riverside Colony,none
CDR00458,D1,Ravi Deshmukh,7000000044,D2,Ajay Salvi,7000000045,2026-01-25 18:20:00,25,voice,96,Central Junction,none
CDR00459,D1,Ravi Deshmukh,7000000044,D2,Ajay Salvi,7000000045,2026-02-17 23:11:00,48,voice,321,Lakeview Chowk,none
CDR00460,D1,Ravi Deshmukh,7000000044,D2,Ajay Salvi,7000000045,2026-02-21 17:52:00,52,sms,0,New Colony,none
CDR00461,D1,Ravi Deshmukh,7000000044,D2,Ajay Salvi,7000000045,2026-02-23 20:40:00,54,voice,316,New Colony,none
CDR00462,D1,Ravi Deshmukh,7000000044,D2,Ajay Salvi,7000000045,2026-02-26 13:32:00,57,sms,0,Hilltop Society,none
CDR00463,D1,Ravi Deshmukh,7000000044,D2,Ajay Salvi,7000000045,2026-03-04 12:03:00,63,voice,129,Eastgate,none
CDR00464,D1,Ravi Deshmukh,7000000044,D2,Ajay Salvi,7000000045,2026-03-06 08:44:00,65,voice,22,Central Junction,none
CDR00465,D1,Ravi Deshmukh,7000000044,D2,Ajay Salvi,7000000045,2026-03-13 07:58:00,72,voice,120,Warehouse District,none
CDR00466,D1,Ravi Deshmukh,7000000044,D2,Ajay Salvi,7000000045,2026-03-15 07:42:00,74,voice,199,Station Road,none
CDR00467,D1,Ravi Deshmukh,7000000044,D2,Ajay Salvi,7000000045,2026-03-21 15:55:00,80,voice,564,New Colony,none
CDR00468,D1,Ravi Deshmukh,7000000044,D2,Ajay Salvi,7000000045,2026-03-25 11:36:00,84,voice,144,Riverside Colony,none
CDR00469,D1,Ravi Deshmukh,7000000044,D3,Prakash Nikam,7000000046,2026-01-04 21:39:00,4,voice,83,North Bypass,none
CDR00470,D1,Ravi Deshmukh,7000000044,D3,Prakash Nikam,7000000046,2026-01-10 07:43:00,10,sms,0,Eastgate,none
CDR00471,D1,Ravi Deshmukh,7000000044,D3,Prakash Nikam,7000000046,2026-01-13 11:45:00,13,voice,302,Riverside Colony,none
CDR00472,D1,Ravi Deshmukh,7000000044,D3,Prakash Nikam,7000000046,2026-01-14 08:17:00,14,voice,84,Eastgate,none
CDR00473,D1,Ravi Deshmukh,7000000044,D3,Prakash Nikam,7000000046,2026-01-22 13:28:00,22,voice,40,Dockside Ward,none
CDR00474,D1,Ravi Deshmukh,7000000044,D3,Prakash Nikam,7000000046,2026-03-04 14:56:00,63,voice,64,Station Road,none
CDR00475,D1,Ravi Deshmukh,7000000044,D3,Prakash Nikam,7000000046,2026-03-07 08:39:00,66,voice,248,Dockside Ward,none
CDR00476,D1,Ravi Deshmukh,7000000044,D3,Prakash Nikam,7000000046,2026-03-08 12:59:00,67,voice,197,Eastgate,none
CDR00477,D1,Ravi Deshmukh,7000000044,D4,Suraj Kamble,7000000047,2026-02-02 09:15:00,33,voice,246,Hilltop Society,none
CDR00478,D1,Ravi Deshmukh,7000000044,D4,Suraj Kamble,7000000047,2026-02-08 16:25:00,39,sms,0,Station Road,none
CDR00479,D1,Ravi Deshmukh,7000000044,D4,Suraj Kamble,7000000047,2026-02-23 07:50:00,54,sms,0,Old Market Circle,none
CDR00480,D1,Ravi Deshmukh,7000000044,D4,Suraj Kamble,7000000047,2026-02-28 12:10:00,59,voice,211,Dockside Ward,none
CDR00481,D1,Ravi Deshmukh,7000000044,D4,Suraj Kamble,7000000047,2026-03-05 16:25:00,64,voice,137,Eastgate,none
CDR00482,D1,Ravi Deshmukh,7000000044,D4,Suraj Kamble,7000000047,2026-03-19 19:21:00,78,voice,87,Old Market Circle,none
CDR00483,D1,Ravi Deshmukh,7000000044,D5,Mangesh Pawar,7000000048,2026-01-05 07:21:00,5,sms,0,Industrial Estate Road,none
CDR00484,D1,Ravi Deshmukh,7000000044,D5,Mangesh Pawar,7000000048,2026-01-25 11:05:00,25,voice,577,Riverside Colony,none
CDR00485,D1,Ravi Deshmukh,7000000044,D5,Mangesh Pawar,7000000048,2026-01-31 21:29:00,31,sms,0,Industrial Estate Road,none
CDR00486,D1,Ravi Deshmukh,7000000044,D5,Mangesh Pawar,7000000048,2026-02-01 12:23:00,32,voice,434,Hilltop Society,none
CDR00487,D1,Ravi Deshmukh,7000000044,D5,Mangesh Pawar,7000000048,2026-02-05 13:19:00,36,sms,0,New Colony,none
CDR00488,D1,Ravi Deshmukh,7000000044,D5,Mangesh Pawar,7000000048,2026-02-06 13:14:00,37,sms,0,North Bypass,none
CDR00489,D1,Ravi Deshmukh,7000000044,D5,Mangesh Pawar,7000000048,2026-02-14 11:45:00,45,sms,0,Warehouse District,none
CDR00490,D1,Ravi Deshmukh,7000000044,D5,Mangesh Pawar,7000000048,2026-02-19 21:37:00,50,sms,0,New Colony,none
CDR00491,D1,Ravi Deshmukh,7000000044,D5,Mangesh Pawar,7000000048,2026-02-25 14:25:00,56,voice,237,Riverside Colony,none
CDR00492,D1,Ravi Deshmukh,7000000044,D5,Mangesh Pawar,7000000048,2026-03-01 10:43:00,60,voice,575,Central Junction,none
CDR00493,D1,Ravi Deshmukh,7000000044,D5,Mangesh Pawar,7000000048,2026-03-12 19:01:00,71,voice,168,Central Junction,none
CDR00494,D1,Ravi Deshmukh,7000000044,D5,Mangesh Pawar,7000000048,2026-03-27 07:24:00,86,voice,201,Industrial Estate Road,none
CDR00495,D2,Ajay Salvi,7000000045,D6,Vishal Teli,7000000049,2026-01-09 16:08:00,9,sms,0,Hilltop Society,none
CDR00496,D2,Ajay Salvi,7000000045,D6,Vishal Teli,7000000049,2026-01-12 16:22:00,12,voice,495,North Bypass,none
CDR00497,D2,Ajay Salvi,7000000045,D6,Vishal Teli,7000000049,2026-01-14 11:59:00,14,voice,50,Eastgate,none
CDR00498,D2,Ajay Salvi,7000000045,D6,Vishal Teli,7000000049,2026-01-25 18:57:00,25,voice,493,Industrial Estate Road,none
CDR00499,D2,Ajay Salvi,7000000045,D6,Vishal Teli,7000000049,2026-01-29 19:22:00,29,sms,0,Old Market Circle,none
CDR00500,D2,Ajay Salvi,7000000045,D6,Vishal Teli,7000000049,2026-02-08 12:18:00,39,voice,244,Lakeview Chowk,none
CDR00501,D2,Ajay Salvi,7000000045,D6,Vishal Teli,7000000049,2026-02-09 08:25:00,40,voice,185,Hilltop Society,none
CDR00502,D2,Ajay Salvi,7000000045,D6,Vishal Teli,7000000049,2026-02-16 13:48:00,47,voice,409,Lakeview Chowk,none
CDR00503,D2,Ajay Salvi,7000000045,D6,Vishal Teli,7000000049,2026-03-06 08:35:00,65,voice,203,Warehouse District,none
CDR00504,D2,Ajay Salvi,7000000045,D6,Vishal Teli,7000000049,2026-03-13 14:36:00,72,voice,553,Central Junction,none
CDR00505,D2,Ajay Salvi,7000000045,D6,Vishal Teli,7000000049,2026-03-26 20:42:00,85,voice,377,Dockside Ward,none
CDR00506,D5,Mangesh Pawar,7000000048,D7,Sonal Rathod,7000000050,2026-01-06 14:43:00,6,voice,346,Industrial Estate Road,none
CDR00507,D5,Mangesh Pawar,7000000048,D7,Sonal Rathod,7000000050,2026-01-07 18:47:00,7,sms,0,Hilltop Society,none
CDR00508,D5,Mangesh Pawar,7000000048,D7,Sonal Rathod,7000000050,2026-02-06 19:47:00,37,voice,246,Central Junction,none
CDR00509,D5,Mangesh Pawar,7000000048,D7,Sonal Rathod,7000000050,2026-03-16 23:05:00,75,voice,454,Station Road,none
CDR00510,D5,Mangesh Pawar,7000000048,D7,Sonal Rathod,7000000050,2026-03-19 17:44:00,78,voice,483,New Colony,none
CDR00511,D5,Mangesh Pawar,7000000048,D7,Sonal Rathod,7000000050,2026-03-25 08:43:00,84,voice,458,North Bypass,none
CDR00512,D5,Mangesh Pawar,7000000048,D7,Sonal Rathod,7000000050,2026-03-31 23:54:00,90,sms,0,Riverside Colony,none
CDR00513,E1,Rakesh Ahuja,7000000051,E2,Priya Nair,7000000052,2026-01-06 18:22:00,6,voice,226,North Bypass,none
CDR00514,E1,Rakesh Ahuja,7000000051,E2,Priya Nair,7000000052,2026-01-08 16:08:00,8,voice,518,North Bypass,none
CDR00515,E1,Rakesh Ahuja,7000000051,E2,Priya Nair,7000000052,2026-01-21 22:15:00,21,voice,26,New Colony,none
CDR00516,E1,Rakesh Ahuja,7000000051,E2,Priya Nair,7000000052,2026-01-22 21:08:00,22,sms,0,Eastgate,none
CDR00517,E1,Rakesh Ahuja,7000000051,E2,Priya Nair,7000000052,2026-01-23 16:08:00,23,sms,0,Riverside Colony,none
CDR00518,E1,Rakesh Ahuja,7000000051,E2,Priya Nair,7000000052,2026-01-25 14:21:00,25,voice,140,New Colony,none
CDR00519,E1,Rakesh Ahuja,7000000051,E2,Priya Nair,7000000052,2026-01-31 20:48:00,31,sms,0,North Bypass,none
CDR00520,E1,Rakesh Ahuja,7000000051,E2,Priya Nair,7000000052,2026-02-01 11:38:00,32,sms,0,Hilltop Society,none
CDR00521,E1,Rakesh Ahuja,7000000051,E2,Priya Nair,7000000052,2026-02-03 13:07:00,34,voice,32,Eastgate,none
CDR00522,E1,Rakesh Ahuja,7000000051,E2,Priya Nair,7000000052,2026-03-11 22:13:00,70,voice,307,Central Junction,none
CDR00523,E1,Rakesh Ahuja,7000000051,E2,Priya Nair,7000000052,2026-03-13 13:07:00,72,voice,478,Old Market Circle,none
CDR00524,E1,Rakesh Ahuja,7000000051,E2,Priya Nair,7000000052,2026-03-23 12:20:00,82,voice,391,Central Junction,none
CDR00525,E1,Rakesh Ahuja,7000000051,E2,Priya Nair,7000000052,2026-03-31 12:35:00,90,voice,31,Station Road,none
CDR00526,E1,Rakesh Ahuja,7000000051,E3,Vivek Chatterjee,7000000053,2026-01-02 09:41:00,2,voice,277,North Bypass,none
CDR00527,E1,Rakesh Ahuja,7000000051,E3,Vivek Chatterjee,7000000053,2026-01-11 14:05:00,11,voice,48,Dockside Ward,none
CDR00528,E1,Rakesh Ahuja,7000000051,E3,Vivek Chatterjee,7000000053,2026-01-14 19:53:00,14,voice,396,Riverside Colony,none
CDR00529,E1,Rakesh Ahuja,7000000051,E3,Vivek Chatterjee,7000000053,2026-01-25 23:54:00,25,sms,0,North Bypass,none
CDR00530,E1,Rakesh Ahuja,7000000051,E3,Vivek Chatterjee,7000000053,2026-02-03 12:06:00,34,sms,0,Central Junction,none
CDR00531,E1,Rakesh Ahuja,7000000051,E3,Vivek Chatterjee,7000000053,2026-02-11 17:24:00,42,voice,384,Eastgate,none
CDR00532,E1,Rakesh Ahuja,7000000051,E3,Vivek Chatterjee,7000000053,2026-02-12 14:23:00,43,voice,398,Central Junction,none
CDR00533,E1,Rakesh Ahuja,7000000051,E3,Vivek Chatterjee,7000000053,2026-02-15 14:03:00,46,voice,600,North Bypass,none
CDR00534,E1,Rakesh Ahuja,7000000051,E3,Vivek Chatterjee,7000000053,2026-02-25 19:57:00,56,voice,241,Station Road,none
CDR00535,E1,Rakesh Ahuja,7000000051,E3,Vivek Chatterjee,7000000053,2026-03-04 20:31:00,63,voice,326,Warehouse District,none
CDR00536,E1,Rakesh Ahuja,7000000051,E3,Vivek Chatterjee,7000000053,2026-03-11 09:09:00,70,voice,187,Riverside Colony,none
CDR00537,E1,Rakesh Ahuja,7000000051,E3,Vivek Chatterjee,7000000053,2026-03-14 21:40:00,73,sms,0,Old Market Circle,none
CDR00538,E1,Rakesh Ahuja,7000000051,E3,Vivek Chatterjee,7000000053,2026-03-24 08:54:00,83,voice,215,Industrial Estate Road,none
CDR00539,E2,Priya Nair,7000000052,E4,Sneha Reddy,7000000054,2026-01-01 17:04:00,1,voice,200,Lakeview Chowk,none
CDR00540,E2,Priya Nair,7000000052,E4,Sneha Reddy,7000000054,2026-01-05 12:24:00,5,voice,473,Warehouse District,none
CDR00541,E2,Priya Nair,7000000052,E4,Sneha Reddy,7000000054,2026-01-08 18:36:00,8,voice,107,New Colony,none
CDR00542,E2,Priya Nair,7000000052,E4,Sneha Reddy,7000000054,2026-01-10 17:33:00,10,voice,567,North Bypass,none
CDR00543,E2,Priya Nair,7000000052,E4,Sneha Reddy,7000000054,2026-01-19 11:25:00,19,sms,0,Warehouse District,none
CDR00544,E2,Priya Nair,7000000052,E4,Sneha Reddy,7000000054,2026-02-06 09:51:00,37,sms,0,Lakeview Chowk,none
CDR00545,E2,Priya Nair,7000000052,E4,Sneha Reddy,7000000054,2026-02-23 17:38:00,54,voice,598,Warehouse District,none
CDR00546,E2,Priya Nair,7000000052,E4,Sneha Reddy,7000000054,2026-02-24 20:23:00,55,voice,160,Central Junction,none
CDR00547,E2,Priya Nair,7000000052,E4,Sneha Reddy,7000000054,2026-03-07 17:33:00,66,sms,0,Dockside Ward,none
CDR00548,E2,Priya Nair,7000000052,E4,Sneha Reddy,7000000054,2026-03-20 13:14:00,79,voice,478,Lakeview Chowk,none
CDR00549,E2,Priya Nair,7000000052,E4,Sneha Reddy,7000000054,2026-03-26 09:09:00,85,voice,400,New Colony,none
CDR00550,E2,Priya Nair,7000000052,E5,Amit Bhatia,7000000055,2026-01-15 10:14:00,15,sms,0,Central Junction,none
CDR00551,E2,Priya Nair,7000000052,E5,Amit Bhatia,7000000055,2026-01-24 10:12:00,24,voice,277,Lakeview Chowk,none
CDR00552,E2,Priya Nair,7000000052,E5,Amit Bhatia,7000000055,2026-01-26 22:14:00,26,voice,251,New Colony,none
CDR00553,E2,Priya Nair,7000000052,E5,Amit Bhatia,7000000055,2026-01-30 10:47:00,30,voice,600,Old Market Circle,none
CDR00554,E2,Priya Nair,7000000052,E5,Amit Bhatia,7000000055,2026-01-31 20:43:00,31,voice,470,Riverside Colony,none
CDR00555,E2,Priya Nair,7000000052,E5,Amit Bhatia,7000000055,2026-02-03 23:35:00,34,voice,137,North Bypass,none
CDR00556,E2,Priya Nair,7000000052,E5,Amit Bhatia,7000000055,2026-02-16 23:06:00,47,voice,421,New Colony,none
CDR00557,E2,Priya Nair,7000000052,E5,Amit Bhatia,7000000055,2026-02-20 12:12:00,51,voice,115,Riverside Colony,none
CDR00558,E2,Priya Nair,7000000052,E5,Amit Bhatia,7000000055,2026-02-26 18:49:00,57,voice,434,Industrial Estate Road,none
CDR00559,E2,Priya Nair,7000000052,E5,Amit Bhatia,7000000055,2026-03-09 08:23:00,68,voice,238,Station Road,none
CDR00560,E2,Priya Nair,7000000052,E5,Amit Bhatia,7000000055,2026-03-12 16:07:00,71,voice,456,Old Market Circle,none
CDR00561,E2,Priya Nair,7000000052,E5,Amit Bhatia,7000000055,2026-03-14 13:36:00,73,voice,383,Riverside Colony,none
CDR00562,E3,Vivek Chatterjee,7000000053,E6,Rohan Malhotra,7000000056,2026-01-02 08:52:00,2,voice,122,Eastgate,none
CDR00563,E3,Vivek Chatterjee,7000000053,E6,Rohan Malhotra,7000000056,2026-01-16 17:51:00,16,voice,54,North Bypass,none
CDR00564,E3,Vivek Chatterjee,7000000053,E6,Rohan Malhotra,7000000056,2026-01-31 14:16:00,31,voice,477,Dockside Ward,none
CDR00565,E3,Vivek Chatterjee,7000000053,E6,Rohan Malhotra,7000000056,2026-02-02 21:07:00,33,sms,0,Station Road,none
CDR00566,E3,Vivek Chatterjee,7000000053,E6,Rohan Malhotra,7000000056,2026-02-13 10:04:00,44,sms,0,Riverside Colony,none
CDR00567,E3,Vivek Chatterjee,7000000053,E6,Rohan Malhotra,7000000056,2026-02-15 11:35:00,46,sms,0,North Bypass,none
CDR00568,E3,Vivek Chatterjee,7000000053,E6,Rohan Malhotra,7000000056,2026-02-17 19:53:00,48,voice,276,New Colony,none
CDR00569,E3,Vivek Chatterjee,7000000053,E6,Rohan Malhotra,7000000056,2026-03-04 15:28:00,63,voice,370,Riverside Colony,none
CDR00570,E3,Vivek Chatterjee,7000000053,E6,Rohan Malhotra,7000000056,2026-03-07 22:32:00,66,voice,52,Dockside Ward,none
CDR00571,E3,Vivek Chatterjee,7000000053,E6,Rohan Malhotra,7000000056,2026-03-09 09:11:00,68,voice,421,Station Road,none
CDR00572,E3,Vivek Chatterjee,7000000053,E6,Rohan Malhotra,7000000056,2026-03-29 12:44:00,88,sms,0,Hilltop Society,none
CDR00573,E1,Rakesh Ahuja,7000000051,E7,Divya Menon,7000000057,2026-01-10 08:13:00,10,voice,389,Lakeview Chowk,none
CDR00574,E1,Rakesh Ahuja,7000000051,E7,Divya Menon,7000000057,2026-01-17 21:21:00,17,voice,417,Eastgate,none
CDR00575,E1,Rakesh Ahuja,7000000051,E7,Divya Menon,7000000057,2026-01-28 17:00:00,28,voice,515,Eastgate,none
CDR00576,E1,Rakesh Ahuja,7000000051,E7,Divya Menon,7000000057,2026-02-09 14:01:00,40,voice,66,North Bypass,none
CDR00577,E1,Rakesh Ahuja,7000000051,E7,Divya Menon,7000000057,2026-02-12 11:46:00,43,voice,299,Hilltop Society,none
CDR00578,E1,Rakesh Ahuja,7000000051,E7,Divya Menon,7000000057,2026-02-16 15:04:00,47,voice,288,Eastgate,none
CDR00579,E1,Rakesh Ahuja,7000000051,E7,Divya Menon,7000000057,2026-03-08 23:37:00,67,sms,0,Lakeview Chowk,none
CDR00580,E1,Rakesh Ahuja,7000000051,E7,Divya Menon,7000000057,2026-03-09 08:58:00,68,voice,117,Industrial Estate Road,none
CDR00581,E1,Rakesh Ahuja,7000000051,E7,Divya Menon,7000000057,2026-03-20 20:40:00,79,voice,121,Eastgate,none
CDR00582,A2,Suresh Rane,7000000002,A12,Rohit Bhatt,7000000013,2026-02-26 09:19:00,57,sms,0,Eastgate,none
CDR00583,A12,Rohit Bhatt,7000000013,A3,Farhan Qureshi,7000000003,2026-02-25 14:22:00,56,sms,0,Lakeview Chowk,none
CDR00584,A4,Vikas Chauhan,7000000004,A3,Farhan Qureshi,7000000003,2026-02-21 17:42:00,52,voice,831,Station Road,none
CDR00585,A11,Meena Joshi,7000000012,A3,Farhan Qureshi,7000000003,2026-02-22 14:22:00,53,voice,240,Dockside Ward,none
CDR00586,A12,Rohit Bhatt,7000000013,A4,Vikas Chauhan,7000000004,2026-02-24 21:25:00,55,voice,339,Riverside Colony,none
CDR00587,A11,Meena Joshi,7000000012,A1,Anwar Sheikh,7000000001,2026-02-22 16:46:00,53,voice,774,Warehouse District,none
CDR00588,A11,Meena Joshi,7000000012,A3,Farhan Qureshi,7000000003,2026-02-21 13:37:00,52,sms,0,Warehouse District,none
CDR00589,A2,Suresh Rane,7000000002,A3,Farhan Qureshi,7000000003,2026-02-25 18:29:00,56,voice,823,Lakeview Chowk,none
CDR00590,A4,Vikas Chauhan,7000000004,A1,Anwar Sheikh,7000000001,2026-02-24 17:57:00,55,voice,293,New Colony,none
CDR00591,A1,Anwar Sheikh,7000000001,A2,Suresh Rane,7000000002,2026-02-26 15:15:00,57,voice,253,Dockside Ward,none
CDR00592,A4,Vikas Chauhan,7000000004,A12,Rohit Bhatt,7000000013,2026-02-22 16:55:00,53,voice,131,Industrial Estate Road,none
CDR00593,A2,Suresh Rane,7000000002,A1,Anwar Sheikh,7000000001,2026-02-22 08:05:00,53,voice,865,Warehouse District,none
CDR00594,A3,Farhan Qureshi,7000000003,A2,Suresh Rane,7000000002,2026-02-21 13:17:00,52,voice,45,North Bypass,none
CDR00595,A3,Farhan Qureshi,7000000003,A1,Anwar Sheikh,7000000001,2026-02-22 17:20:00,53,sms,0,Dockside Ward,none
CDR00596,A12,Rohit Bhatt,7000000013,A4,Vikas Chauhan,7000000004,2026-02-24 17:11:00,55,voice,454,Dockside Ward,none
CDR00597,A1,Anwar Sheikh,7000000001,A11,Meena Joshi,7000000012,2026-02-23 22:38:00,54,voice,504,Dockside Ward,none
CDR00598,A6,Iqbal Khan,7000000006,N19,Amit Bansal,7000000118,2026-02-26 08:26:00,57,voice,51,Eastgate,none
CDR00599,A3,Farhan Qureshi,7000000003,N3,Priya Reddy,7000000102,2026-02-21 11:13:00,52,voice,54,Old Market Circle,none
CDR00600,A6,Iqbal Khan,7000000006,N12,Priya Bansal,7000000111,2026-02-27 18:34:00,58,voice,60,New Colony,none
CDR00601,A3,Farhan Qureshi,7000000003,N20,Ajay Bhatia,7000000119,2026-02-26 14:47:00,57,voice,57,Lakeview Chowk,none
CDR00602,A7,Ramesh Yadav,7000000008,N2,Divya Nair,7000000101,2026-02-25 21:35:00,56,voice,38,New Colony,none
CDR00603,B2,Salim Pathan,7000000015,B3,Vinod Chavan,7000000016,2026-02-24 22:06:00,55,voice,802,Eastgate,none
CDR00604,B2,Salim Pathan,7000000015,B12,Mohsin Qureshi,7000000026,2026-02-27 09:59:00,58,voice,147,Old Market Circle,none
CDR00605,B1,Rajan Naik,7000000014,B11,Kavita Desai,7000000025,2026-02-28 13:35:00,59,sms,0,Central Junction,none
CDR00606,B11,Kavita Desai,7000000025,B3,Vinod Chavan,7000000016,2026-03-01 11:57:00,60,voice,765,Riverside Colony,none
CDR00607,B11,Kavita Desai,7000000025,B1,Rajan Naik,7000000014,2026-02-26 14:28:00,57,sms,0,Station Road,none
CDR00608,B2,Salim Pathan,7000000015,B3,Vinod Chavan,7000000016,2026-02-27 21:13:00,58,voice,37,Old Market Circle,none
CDR00609,B12,Mohsin Qureshi,7000000026,B1,Rajan Naik,7000000014,2026-02-24 19:43:00,55,sms,0,Dockside Ward,none
CDR00610,B2,Salim Pathan,7000000015,B11,Kavita Desai,7000000025,2026-02-27 20:58:00,58,sms,0,North Bypass,none
CDR00611,B12,Mohsin Qureshi,7000000026,B2,Salim Pathan,7000000015,2026-02-24 15:01:00,55,voice,454,Industrial Estate Road,none
CDR00612,B2,Salim Pathan,7000000015,B3,Vinod Chavan,7000000016,2026-02-25 17:48:00,56,voice,295,Central Junction,none
CDR00613,B4,Nitin Kamble,7000000017,B2,Salim Pathan,7000000015,2026-02-28 12:30:00,59,sms,0,Central Junction,none
CDR00614,B2,Salim Pathan,7000000015,B3,Vinod Chavan,7000000016,2026-02-26 09:21:00,57,voice,265,Riverside Colony,none
CDR00615,B3,Vinod Chavan,7000000016,B11,Kavita Desai,7000000025,2026-02-28 21:13:00,59,voice,810,Industrial Estate Road,none
CDR00616,B12,Mohsin Qureshi,7000000026,B3,Vinod Chavan,7000000016,2026-02-24 21:11:00,55,voice,153,Central Junction,none
CDR00617,B12,Mohsin Qureshi,7000000026,B1,Rajan Naik,7000000014,2026-02-24 11:58:00,55,voice,319,Riverside Colony,none
CDR00618,B11,Kavita Desai,7000000025,B3,Vinod Chavan,7000000016,2026-02-24 12:29:00,55,voice,102,Hilltop Society,none
CDR00619,B3,Vinod Chavan,7000000016,B4,Nitin Kamble,7000000017,2026-02-26 08:37:00,57,voice,821,North Bypass,none
CDR00620,B12,Mohsin Qureshi,7000000026,B1,Rajan Naik,7000000014,2026-02-24 11:32:00,55,voice,598,Hilltop Society,none
CDR00621,B12,Mohsin Qureshi,7000000026,B1,Rajan Naik,7000000014,2026-03-01 07:03:00,60,sms,0,Eastgate,none
CDR00622,B1,Rajan Naik,7000000014,B12,Mohsin Qureshi,7000000026,2026-02-24 22:08:00,55,voice,12,Riverside Colony,none
CDR00623,B2,Salim Pathan,7000000015,B11,Kavita Desai,7000000025,2026-02-25 23:07:00,56,voice,869,Station Road,none
CDR00624,B1,Rajan Naik,7000000014,B3,Vinod Chavan,7000000016,2026-02-25 14:46:00,56,voice,730,Riverside Colony,none
CDR00625,B1,Rajan Naik,7000000014,B3,Vinod Chavan,7000000016,2026-02-26 09:02:00,57,voice,59,Hilltop Society,none
CDR00626,B11,Kavita Desai,7000000025,B3,Vinod Chavan,7000000016,2026-02-26 07:20:00,57,voice,678,Station Road,none
CDR00627,B11,Kavita Desai,7000000025,B3,Vinod Chavan,7000000016,2026-02-28 17:44:00,59,voice,773,Lakeview Chowk,none
CDR00628,B3,Vinod Chavan,7000000016,B4,Nitin Kamble,7000000017,2026-02-27 17:34:00,58,voice,164,Hilltop Society,none
CDR00629,B4,Nitin Kamble,7000000017,B12,Mohsin Qureshi,7000000026,2026-02-25 07:15:00,56,voice,270,Lakeview Chowk,none
CDR00630,B11,Kavita Desai,7000000025,B4,Nitin Kamble,7000000017,2026-02-25 13:42:00,56,voice,873,Warehouse District,none
CDR00631,B11,Kavita Desai,7000000025,N2,Divya Nair,7000000101,2026-03-02 17:43:00,61,voice,40,North Bypass,none
CDR00632,B6,Imran Baig,7000000019,N15,Poonam Mishra,7000000114,2026-02-24 22:47:00,55,voice,35,New Colony,none
CDR00633,B6,Imran Baig,7000000019,N19,Amit Bansal,7000000118,2026-03-02 14:52:00,61,voice,52,Hilltop Society,none
CDR00634,B6,Imran Baig,7000000019,N3,Priya Reddy,7000000102,2026-03-02 23:17:00,61,voice,48,Eastgate,none
CDR00635,B2,Salim Pathan,7000000015,N18,Vinay Mishra,7000000117,2026-02-27 15:16:00,58,sms,0,Station Road,none
CDR00636,B11,Kavita Desai,7000000025,N12,Priya Bansal,7000000111,2026-03-03 14:09:00,62,voice,53,New Colony,none
CDR00637,B6,Imran Baig,7000000019,N17,Divya Mishra,7000000116,2026-02-27 23:10:00,58,sms,0,Industrial Estate Road,none
CDR00638,B10,Ganesh Pandit,7000000024,N6,Priya Dutta,7000000105,2026-02-26 21:11:00,57,voice,57,North Bypass,none
CDR00639,B1,Rajan Naik,7000000014,N11,Amit Menon,7000000110,2026-03-02 18:53:00,61,sms,0,Hilltop Society,none
CDR00640,C4,Baban Surve,7000000030,C2,Nasir Malik,7000000028,2026-03-04 15:24:00,63,voice,395,North Bypass,none
CDR00641,C11,Neha Kulkarni,7000000038,C12,Sunil Pillai,7000000039,2026-03-01 21:42:00,60,voice,435,Central Junction,none
CDR00642,C4,Baban Surve,7000000030,C1,Prakash Shetty,7000000027,2026-03-02 22:46:00,61,sms,0,New Colony,none
CDR00643,C2,Nasir Malik,7000000028,C1,Prakash Shetty,7000000027,2026-03-04 11:23:00,63,voice,706,Industrial Estate Road,none
CDR00644,C11,Neha Kulkarni,7000000038,C3,Ravi Kadam,7000000029,2026-03-03 17:51:00,62,voice,48,New Colony,none
CDR00645,C2,Nasir Malik,7000000028,C1,Prakash Shetty,7000000027,2026-03-03 15:03:00,62,voice,343,Lakeview Chowk,none
CDR00646,C11,Neha Kulkarni,7000000038,C3,Ravi Kadam,7000000029,2026-03-01 15:15:00,60,voice,478,Old Market Circle,none
CDR00647,C11,Neha Kulkarni,7000000038,C4,Baban Surve,7000000030,2026-02-27 13:08:00,58,voice,841,Central Junction,none
CDR00648,C11,Neha Kulkarni,7000000038,C3,Ravi Kadam,7000000029,2026-02-27 21:24:00,58,voice,759,Central Junction,none
CDR00649,C4,Baban Surve,7000000030,C12,Sunil Pillai,7000000039,2026-03-04 15:22:00,63,voice,900,Warehouse District,none
CDR00650,C2,Nasir Malik,7000000028,C11,Neha Kulkarni,7000000038,2026-02-28 18:04:00,59,voice,367,Old Market Circle,none
CDR00651,C1,Prakash Shetty,7000000027,C4,Baban Surve,7000000030,2026-03-02 19:33:00,61,voice,688,Dockside Ward,none
CDR00652,C1,Prakash Shetty,7000000027,C11,Neha Kulkarni,7000000038,2026-03-03 21:59:00,62,voice,889,Hilltop Society,none
CDR00653,C7,Aslam Pathan,7000000034,N6,Priya Dutta,7000000105,2026-02-28 21:25:00,59,voice,37,Dockside Ward,none
CDR00654,C10,Vijay Salunkhe,7000000037,N8,Manoj Menon,7000000107,2026-03-02 19:34:00,61,voice,48,Central Junction,none
CDR00655,C8,Mahesh Gupta,7000000035,N11,Amit Menon,7000000110,2026-03-05 21:07:00,64,voice,59,Old Market Circle,none
CDR00656,C9,Irfan Sheikh,7000000036,N1,Sneha Naidu,7000000100,2026-02-28 22:05:00,59,sms,0,Industrial Estate Road,none
CDR00657,C9,Irfan Sheikh,7000000036,N15,Poonam Mishra,7000000114,2026-02-27 13:45:00,58,voice,60,Dockside Ward,none
CDR00658,C8,Mahesh Gupta,7000000035,N14,Vinay Nair,7000000113,2026-03-01 20:52:00,60,voice,45,Riverside Colony,none
CDR00659,C6,Santosh Bhosale,7000000032,N11,Amit Menon,7000000110,2026-03-02 23:00:00,61,voice,39,Central Junction,none
CDR00660,C8,Mahesh Gupta,7000000035,N9,Naveen Reddy,7000000108,2026-02-28 17:24:00,59,voice,59,Central Junction,none
CDR00661,D4,Suraj Kamble,7000000047,D5,Mangesh Pawar,7000000048,2026-02-06 08:19:00,37,voice,419,Hilltop Society,none
CDR00662,D5,Mangesh Pawar,7000000048,D3,Prakash Nikam,7000000046,2026-02-05 13:08:00,36,voice,579,North Bypass,none
CDR00663,D3,Prakash Nikam,7000000046,D4,Suraj Kamble,7000000047,2026-02-08 22:45:00,39,voice,404,Eastgate,none
CDR00664,D2,Ajay Salvi,7000000045,D4,Suraj Kamble,7000000047,2026-02-08 08:46:00,39,voice,575,Old Market Circle,none
CDR00665,D4,Suraj Kamble,7000000047,D5,Mangesh Pawar,7000000048,2026-02-05 08:17:00,36,voice,479,Central Junction,none
CDR00666,D2,Ajay Salvi,7000000045,D7,Sonal Rathod,7000000050,2026-02-07 21:25:00,38,sms,0,Station Road,none
CDR00667,D2,Ajay Salvi,7000000045,D7,Sonal Rathod,7000000050,2026-02-03 12:27:00,34,sms,0,Old Market Circle,none
CDR00668,D1,Ravi Deshmukh,7000000044,D2,Ajay Salvi,7000000045,2026-02-03 22:11:00,34,voice,768,New Colony,none
CDR00669,D7,Sonal Rathod,7000000050,D2,Ajay Salvi,7000000045,2026-02-06 14:43:00,37,voice,796,Central Junction,none
CDR00670,D2,Ajay Salvi,7000000045,D5,Mangesh Pawar,7000000048,2026-02-04 11:49:00,35,sms,0,Industrial Estate Road,none
CDR00671,D5,Mangesh Pawar,7000000048,D1,Ravi Deshmukh,7000000044,2026-02-06 10:12:00,37,sms,0,Dockside Ward,none
CDR00672,D4,Suraj Kamble,7000000047,D2,Ajay Salvi,7000000045,2026-02-08 15:45:00,39,sms,0,North Bypass,none
CDR00673,D4,Suraj Kamble,7000000047,D2,Ajay Salvi,7000000045,2026-02-03 11:02:00,34,voice,487,Central Junction,none
CDR00674,D2,Ajay Salvi,7000000045,D5,Mangesh Pawar,7000000048,2026-02-05 11:19:00,36,sms,0,Eastgate,none
CDR00675,D5,Mangesh Pawar,7000000048,D2,Ajay Salvi,7000000045,2026-02-04 14:25:00,35,sms,0,Eastgate,none
CDR00676,D4,Suraj Kamble,7000000047,D2,Ajay Salvi,7000000045,2026-02-08 16:14:00,39,voice,740,Old Market Circle,none
CDR00677,D2,Ajay Salvi,7000000045,D4,Suraj Kamble,7000000047,2026-02-04 12:27:00,35,voice,441,Old Market Circle,none
CDR00678,D1,Ravi Deshmukh,7000000044,D3,Prakash Nikam,7000000046,2026-02-03 13:41:00,34,sms,0,New Colony,none
CDR00679,D1,Ravi Deshmukh,7000000044,D3,Prakash Nikam,7000000046,2026-02-06 18:01:00,37,sms,0,Station Road,none
CDR00680,D1,Ravi Deshmukh,7000000044,D2,Ajay Salvi,7000000045,2026-02-06 15:55:00,37,voice,627,New Colony,none
CDR00681,D2,Ajay Salvi,7000000045,N5,Arjun Rao,7000000104,2026-02-10 15:49:00,41,sms,0,Industrial Estate Road,none
CDR00682,D5,Mangesh Pawar,7000000048,N10,Vinay Reddy,7000000109,2026-02-03 10:00:00,34,voice,14,North Bypass,none
CDR00683,D3,Prakash Nikam,7000000046,N2,Divya Nair,7000000101,2026-02-05 17:22:00,36,voice,20,Eastgate,none
CDR00684,D6,Vishal Teli,7000000049,N12,Priya Bansal,7000000111,2026-02-05 10:50:00,36,sms,0,Old Market Circle,none
CDR00685,D6,Vishal Teli,7000000049,N18,Vinay Mishra,7000000117,2026-02-10 10:47:00,41,voice,55,Riverside Colony,none
CDR00686,E4,Sneha Reddy,7000000054,E1,Rakesh Ahuja,7000000051,2026-03-10 08:32:00,69,voice,452,North Bypass,none
CDR00687,E7,Divya Menon,7000000057,E2,Priya Nair,7000000052,2026-03-13 18:04:00,72,voice,709,Lakeview Chowk,none
CDR00688,E2,Priya Nair,7000000052,E3,Vivek Chatterjee,7000000053,2026-03-11 09:21:00,70,voice,690,Station Road,none
CDR00689,E3,Vivek Chatterjee,7000000053,E2,Priya Nair,7000000052,2026-03-12 10:06:00,71,sms,0,Old Market Circle,none
CDR00690,E2,Priya Nair,7000000052,E4,Sneha Reddy,7000000054,2026-03-12 10:20:00,71,voice,197,Warehouse District,none
CDR00691,E5,Amit Bhatia,7000000055,E1,Rakesh Ahuja,7000000051,2026-03-14 15:23:00,73,sms,0,Central Junction,none
CDR00692,E4,Sneha Reddy,7000000054,E5,Amit Bhatia,7000000055,2026-03-11 11:58:00,70,voice,577,New Colony,none
CDR00693,E2,Priya Nair,7000000052,E1,Rakesh Ahuja,7000000051,2026-03-10 10:03:00,69,voice,840,Lakeview Chowk,none
CDR00694,E5,Amit Bhatia,7000000055,E2,Priya Nair,7000000052,2026-03-15 14:05:00,74,sms,0,Riverside Colony,none
CDR00695,E3,Vivek Chatterjee,7000000053,E1,Rakesh Ahuja,7000000051,2026-03-13 19:39:00,72,voice,328,Warehouse District,none
CDR00696,E1,Rakesh Ahuja,7000000051,E7,Divya Menon,7000000057,2026-03-15 13:14:00,74,voice,823,New Colony,none
CDR00697,E7,Divya Menon,7000000057,E1,Rakesh Ahuja,7000000051,2026-03-11 09:38:00,70,voice,130,Dockside Ward,none
CDR00698,E2,Priya Nair,7000000052,E5,Amit Bhatia,7000000055,2026-03-15 12:52:00,74,voice,116,Station Road,none
CDR00699,E5,Amit Bhatia,7000000055,E2,Priya Nair,7000000052,2026-03-10 17:59:00,69,voice,446,Dockside Ward,none
CDR00700,E1,Rakesh Ahuja,7000000051,E2,Priya Nair,7000000052,2026-03-11 23:43:00,70,voice,846,Eastgate,none
CDR00701,E2,Priya Nair,7000000052,E7,Divya Menon,7000000057,2026-03-11 14:43:00,70,voice,98,Dockside Ward,none
CDR00702,E4,Sneha Reddy,7000000054,E1,Rakesh Ahuja,7000000051,2026-03-13 23:49:00,72,voice,100,Warehouse District,none
CDR00703,E7,Divya Menon,7000000057,E1,Rakesh Ahuja,7000000051,2026-03-11 08:54:00,70,voice,451,Old Market Circle,none
CDR00704,E6,Rohan Malhotra,7000000056,N12,Priya Bansal,7000000111,2026-03-12 22:43:00,71,sms,0,Station Road,none
CDR00705,E2,Priya Nair,7000000052,N9,Naveen Reddy,7000000108,2026-03-14 08:47:00,73,voice,55,North Bypass,none
CDR00706,E5,Amit Bhatia,7000000055,N6,Priya Dutta,7000000105,2026-03-16 19:52:00,75,voice,60,New Colony,none
CDR00707,E3,Vivek Chatterjee,7000000053,N19,Amit Bansal,7000000118,2026-03-11 09:50:00,70,sms,0,Central Junction,none
CDR00708,E7,Divya Menon,7000000057,N8,Manoj Menon,7000000107,2026-03-13 13:37:00,72,voice,20,Station Road,none
CDR00709,E5,Amit Bhatia,7000000055,N2,Divya Nair,7000000101,2026-03-16 19:50:00,75,voice,54,Eastgate,none
CDR00710,E7,Divya Menon,7000000057,N13,Poonam Reddy,7000000112,2026-03-16 09:14:00,75,voice,58,Eastgate,none
CDR00711,E6,Rohan Malhotra,7000000056,N20,Ajay Bhatia,7000000119,2026-03-16 16:00:00,75,voice,43,Dockside Ward,none
CDR00712,E1,Rakesh Ahuja,7000000051,N16,Poonam Rao,7000000115,2026-03-16 20:38:00,75,voice,14,Eastgate,none
CDR00713,E5,Amit Bhatia,7000000055,N7,Deepa Mishra,7000000106,2026-03-11 18:25:00,70,sms,0,Warehouse District,none
CDR00714,X1,Dinesh Mehta,7000000040,A11,Meena Joshi,7000000012,2026-02-24 17:05:00,55,sms,0,Riverside Colony,none
CDR00715,X1,Dinesh Mehta,7000000040,A11,Meena Joshi,7000000012,2026-02-25 20:42:00,56,voice,143,Old Market Circle,none
CDR00716,X3,Arvind Kapoor,7000000042,A1,Anwar Sheikh,7000000001,2026-02-22 19:52:00,53,sms,0,Hilltop Society,none
CDR00717,X3,Arvind Kapoor,7000000042,A1,Anwar Sheikh,7000000001,2026-02-24 17:09:00,55,voice,134,Eastgate,none
CDR00718,X4,R.K. Verma,7000000043,A2,Suresh Rane,7000000002,2026-02-25 16:31:00,56,voice,279,Warehouse District,none
CDR00719,X4,R.K. Verma,7000000043,A2,Suresh Rane,7000000002,2026-02-23 12:25:00,54,voice,20,Riverside Colony,none
CDR00720,X4,R.K. Verma,7000000043,A2,Suresh Rane,7000000002,2026-02-22 14:29:00,53,voice,148,Lakeview Chowk,none
CDR00721,X4,R.K. Verma,7000000043,A2,Suresh Rane,7000000002,2026-02-24 10:35:00,55,voice,283,North Bypass,none
CDR00722,X1,Dinesh Mehta,7000000040,B11,Kavita Desai,7000000025,2026-02-26 15:42:00,57,voice,283,Warehouse District,none
CDR00723,X1,Dinesh Mehta,7000000040,B11,Kavita Desai,7000000025,2026-02-27 21:17:00,58,sms,0,Eastgate,none
CDR00724,X1,Dinesh Mehta,7000000040,B11,Kavita Desai,7000000025,2026-02-27 19:33:00,58,sms,0,Dockside Ward,none
CDR00725,X2,Javed Ansari,7000000041,B1,Rajan Naik,7000000014,2026-02-28 22:23:00,59,voice,29,Dockside Ward,none
CDR00726,X2,Javed Ansari,7000000041,B1,Rajan Naik,7000000014,2026-02-25 19:28:00,56,voice,282,Riverside Colony,none
CDR00727,X2,Javed Ansari,7000000041,B1,Rajan Naik,7000000014,2026-03-01 21:02:00,60,sms,0,Station Road,none
CDR00728,X2,Javed Ansari,7000000041,B1,Rajan Naik,7000000014,2026-02-26 07:59:00,57,sms,0,Riverside Colony,none
CDR00729,X3,Arvind Kapoor,7000000042,B1,Rajan Naik,7000000014,2026-03-01 23:02:00,60,sms,0,Riverside Colony,none
CDR00730,X3,Arvind Kapoor,7000000042,B1,Rajan Naik,7000000014,2026-03-01 15:40:00,60,sms,0,Central Junction,none
CDR00731,X4,R.K. Verma,7000000043,B2,Salim Pathan,7000000015,2026-02-25 20:35:00,56,sms,0,North Bypass,none
CDR00732,X4,R.K. Verma,7000000043,B2,Salim Pathan,7000000015,2026-02-25 19:31:00,56,sms,0,Lakeview Chowk,none
CDR00733,X4,R.K. Verma,7000000043,B2,Salim Pathan,7000000015,2026-02-27 15:20:00,58,voice,273,Dockside Ward,none
CDR00734,X4,R.K. Verma,7000000043,B2,Salim Pathan,7000000015,2026-03-01 18:57:00,60,voice,284,Dockside Ward,none
CDR00735,X1,Dinesh Mehta,7000000040,C11,Neha Kulkarni,7000000038,2026-03-02 23:10:00,61,voice,47,Warehouse District,none
CDR00736,X1,Dinesh Mehta,7000000040,C11,Neha Kulkarni,7000000038,2026-03-02 19:49:00,61,sms,0,Lakeview Chowk,none
CDR00737,X2,Javed Ansari,7000000041,C1,Prakash Shetty,7000000027,2026-03-02 16:57:00,61,sms,0,Industrial Estate Road,none
CDR00738,X2,Javed Ansari,7000000041,C1,Prakash Shetty,7000000027,2026-03-04 17:59:00,63,voice,75,North Bypass,none
CDR00739,X4,R.K. Verma,7000000043,C2,Nasir Malik,7000000028,2026-03-02 19:20:00,61,voice,261,Central Junction,none
CDR00740,X4,R.K. Verma,7000000043,C2,Nasir Malik,7000000028,2026-02-28 13:59:00,59,sms,0,Station Road,none
CDR00741,X4,R.K. Verma,7000000043,C2,Nasir Malik,7000000028,2026-03-04 20:40:00,63,voice,181,Dockside Ward,none
CDR00742,N5,Arjun Rao,7000000104,N9,Naveen Reddy,7000000108,2026-03-10 22:42:00,69,voice,353,Hilltop Society,none
CDR00743,N3,Priya Reddy,7000000102,N9,Naveen Reddy,7000000108,2026-02-20 18:45:00,51,sms,0,New Colony,none
CDR00744,N10,Vinay Reddy,7000000109,N4,Amit Reddy,7000000103,2026-02-03 21:49:00,34,voice,282,Lakeview Chowk,none
CDR00745,N19,Amit Bansal,7000000118,N10,Vinay Reddy,7000000109,2026-02-15 18:16:00,46,sms,0,Old Market Circle,none
CDR00746,N18,Vinay Mishra,7000000117,N4,Amit Reddy,7000000103,2026-03-19 20:53:00,78,sms,0,Old Market Circle,none
CDR00747,N10,Vinay Reddy,7000000109,N6,Priya Dutta,7000000105,2026-03-24 12:46:00,83,voice,364,Old Market Circle,none
CDR00748,N13,Poonam Reddy,7000000112,N20,Ajay Bhatia,7000000119,2026-02-13 19:25:00,44,voice,182,Eastgate,none
CDR00749,N6,Priya Dutta,7000000105,N5,Arjun Rao,7000000104,2026-03-10 23:26:00,69,voice,157,Riverside Colony,none
CDR00750,N7,Deepa Mishra,7000000106,N11,Amit Menon,7000000110,2026-03-29 09:59:00,88,voice,267,Dockside Ward,none
CDR00751,N19,Amit Bansal,7000000118,N8,Manoj Menon,7000000107,2026-03-15 20:25:00,74,voice,383,Central Junction,none
CDR00752,N5,Arjun Rao,7000000104,N20,Ajay Bhatia,7000000119,2026-01-29 14:32:00,29,voice,154,Dockside Ward,none
CDR00753,N13,Poonam Reddy,7000000112,N10,Vinay Reddy,7000000109,2026-01-17 19:39:00,17,sms,0,Lakeview Chowk,none
CDR00754,N3,Priya Reddy,7000000102,N17,Divya Mishra,7000000116,2026-02-04 13:57:00,35,voice,58,Eastgate,none
CDR00755,N19,Amit Bansal,7000000118,N3,Priya Reddy,7000000102,2026-02-16 07:44:00,47,voice,72,Eastgate,none
CDR00756,N7,Deepa Mishra,7000000106,N1,Sneha Naidu,7000000100,2026-02-28 11:28:00,59,voice,40,Station Road,none
CDR00757,N19,Amit Bansal,7000000118,N18,Vinay Mishra,7000000117,2026-03-18 08:02:00,77,voice,249,Old Market Circle,none
CDR00758,N16,Poonam Rao,7000000115,N8,Manoj Menon,7000000107,2026-02-07 17:21:00,38,voice,127,Industrial Estate Road,none
CDR00759,N18,Vinay Mishra,7000000117,N7,Deepa Mishra,7000000106,2026-02-06 07:14:00,37,sms,0,Dockside Ward,none
CDR00760,N17,Divya Mishra,7000000116,N9,Naveen Reddy,7000000108,2026-02-24 18:04:00,55,sms,0,Central Junction,none
CDR00761,N3,Priya Reddy,7000000102,N19,Amit Bansal,7000000118,2026-01-15 19:24:00,15,voice,311,Hilltop Society,none
CDR00762,N8,Manoj Menon,7000000107,N2,Divya Nair,7000000101,2026-02-17 17:42:00,48,sms,0,Old Market Circle,none
CDR00763,N16,Poonam Rao,7000000115,N19,Amit Bansal,7000000118,2026-01-18 20:29:00,18,sms,0,Lakeview Chowk,none
CDR00764,N20,Ajay Bhatia,7000000119,N15,Poonam Mishra,7000000114,2026-01-25 17:39:00,25,voice,216,Riverside Colony,none
CDR00765,N10,Vinay Reddy,7000000109,N7,Deepa Mishra,7000000106,2026-01-10 23:01:00,10,voice,111,Lakeview Chowk,none
CDR00766,N7,Deepa Mishra,7000000106,N9,Naveen Reddy,7000000108,2026-01-26 16:47:00,26,sms,0,Dockside Ward,none
CDR00767,N20,Ajay Bhatia,7000000119,N1,Sneha Naidu,7000000100,2026-01-09 18:13:00,9,voice,338,Lakeview Chowk,none
CDR00768,N18,Vinay Mishra,7000000117,N9,Naveen Reddy,7000000108,2026-03-13 18:40:00,72,voice,333,Eastgate,none
CDR00769,N12,Priya Bansal,7000000111,N10,Vinay Reddy,7000000109,2026-01-14 08:47:00,14,voice,191,Hilltop Society,none
CDR00770,N1,Sneha Naidu,7000000100,N15,Poonam Mishra,7000000114,2026-01-14 17:06:00,14,sms,0,Eastgate,none
CDR00771,N16,Poonam Rao,7000000115,N20,Ajay Bhatia,7000000119,2026-01-11 17:50:00,11,voice,75,Old Market Circle,none
CDR00772,N17,Divya Mishra,7000000116,N19,Amit Bansal,7000000118,2026-02-02 23:24:00,33,voice,138,North Bypass,none
CDR00773,N1,Sneha Naidu,7000000100,N7,Deepa Mishra,7000000106,2026-02-05 23:27:00,36,sms,0,Lakeview Chowk,none
CDR00774,N13,Poonam Reddy,7000000112,N6,Priya Dutta,7000000105,2026-02-25 11:08:00,56,voice,119,Lakeview Chowk,none
CDR00775,N19,Amit Bansal,7000000118,N18,Vinay Mishra,7000000117,2026-02-18 07:00:00,49,sms,0,Old Market Circle,none
CDR00776,N15,Poonam Mishra,7000000114,N2,Divya Nair,7000000101,2026-01-27 09:54:00,27,voice,329,New Colony,none
CDR00777,N15,Poonam Mishra,7000000114,N16,Poonam Rao,7000000115,2026-03-23 13:00:00,82,voice,191,Hilltop Society,none
CDR00778,N4,Amit Reddy,7000000103,N20,Ajay Bhatia,7000000119,2026-03-17 11:12:00,76,voice,302,Warehouse District,none
CDR00779,N15,Poonam Mishra,7000000114,N3,Priya Reddy,7000000102,2026-03-14 08:55:00,73,voice,214,North Bypass,none
CDR00780,N8,Manoj Menon,7000000107,N16,Poonam Rao,7000000115,2026-03-30 22:38:00,89,voice,264,Warehouse District,none
CDR00781,N13,Poonam Reddy,7000000112,N3,Priya Reddy,7000000102,2026-03-31 14:51:00,90,sms,0,Industrial Estate Road,none
CDR00782,N1,Sneha Naidu,7000000100,N13,Poonam Reddy,7000000112,2026-03-14 14:40:00,73,voice,341,Dockside Ward,none
CDR00783,N8,Manoj Menon,7000000107,N4,Amit Reddy,7000000103,2026-01-26 07:02:00,26,voice,215,Industrial Estate Road,none
CDR00784,N8,Manoj Menon,7000000107,N2,Divya Nair,7000000101,2026-03-13 20:16:00,72,voice,249,Dockside Ward,none
CDR00785,N16,Poonam Rao,7000000115,N4,Amit Reddy,7000000103,2026-01-13 12:09:00,13,sms,0,Riverside Colony,none
CDR00786,N20,Ajay Bhatia,7000000119,N17,Divya Mishra,7000000116,2026-02-11 10:32:00,42,sms,0,Hilltop Society,none
CDR00787,N1,Sneha Naidu,7000000100,N3,Priya Reddy,7000000102,2026-01-04 09:32:00,4,voice,323,Warehouse District,none
CDR00788,N18,Vinay Mishra,7000000117,N3,Priya Reddy,7000000102,2026-01-07 16:29:00,7,voice,13,New Colony,none
CDR00789,N7,Deepa Mishra,7000000106,N1,Sneha Naidu,7000000100,2026-01-24 23:51:00,24,sms,0,Industrial Estate Road,none
CDR00790,N4,Amit Reddy,7000000103,N7,Deepa Mishra,7000000106,2026-03-27 20:07:00,86,voice,54,New Colony,none
CDR00791,N17,Divya Mishra,7000000116,N12,Priya Bansal,7000000111,2026-03-28 10:05:00,87,voice,61,Old Market Circle,none
CDR00792,N12,Priya Bansal,7000000111,N9,Naveen Reddy,7000000108,2026-02-08 16:48:00,39,voice,262,Warehouse District,none
CDR00793,N19,Amit Bansal,7000000118,N11,Amit Menon,7000000110,2026-01-25 07:05:00,25,voice,68,North Bypass,none
CDR00794,N20,Ajay Bhatia,7000000119,N7,Deepa Mishra,7000000106,2026-03-08 19:29:00,67,sms,0,Warehouse District,none
CDR00795,N19,Amit Bansal,7000000118,N7,Deepa Mishra,7000000106,2026-01-11 07:53:00,11,voice,383,Dockside Ward,none
CDR00796,N5,Arjun Rao,7000000104,N14,Vinay Nair,7000000113,2026-01-08 12:39:00,8,sms,0,Station Road,none
CDR00797,N9,Naveen Reddy,7000000108,N5,Arjun Rao,7000000104,2026-02-02 16:54:00,33,voice,176,Hilltop Society,none
CDR00798,N4,Amit Reddy,7000000103,N6,Priya Dutta,7000000105,2026-02-26 12:41:00,57,voice,252,Warehouse District,none
CDR00799,N11,Amit Menon,7000000110,N9,Naveen Reddy,7000000108,2026-02-01 07:26:00,32,voice,184,Industrial Estate Road,none
CDR00800,N18,Vinay Mishra,7000000117,N12,Priya Bansal,7000000111,2026-02-12 07:49:00,43,sms,0,Industrial Estate Road,none
CDR00801,N11,Amit Menon,7000000110,N3,Priya Reddy,7000000102,2026-03-10 12:06:00,69,voice,170,Hilltop Society,none
CDR00802,N11,Amit Menon,7000000110,N12,Priya Bansal,7000000111,2026-01-09 10:29:00,9,voice,281,Dockside Ward,none
CDR00803,N18,Vinay Mishra,7000000117,N8,Manoj Menon,7000000107,2026-02-22 23:44:00,53,sms,0,North Bypass,none
CDR00804,N3,Priya Reddy,7000000102,N7,Deepa Mishra,7000000106,2026-01-28 16:48:00,28,sms,0,Dockside Ward,none
CDR00805,N9,Naveen Reddy,7000000108,N14,Vinay Nair,7000000113,2026-01-16 12:39:00,16,voice,361,Riverside Colony,none
CDR00806,N10,Vinay Reddy,7000000109,N13,Poonam Reddy,7000000112,2026-02-01 17:16:00,32,sms,0,Old Market Circle,none
CDR00807,N7,Deepa Mishra,7000000106,N9,Naveen Reddy,7000000108,2026-03-21 11:41:00,80,voice,44,Lakeview Chowk,none
CDR00808,N13,Poonam Reddy,7000000112,N10,Vinay Reddy,7000000109,2026-01-10 09:46:00,10,voice,17,Old Market Circle,none
CDR00809,N12,Priya Bansal,7000000111,N3,Priya Reddy,7000000102,2026-01-19 10:46:00,19,voice,271,Lakeview Chowk,none
CDR00810,N9,Naveen Reddy,7000000108,N15,Poonam Mishra,7000000114,2026-01-23 10:16:00,23,voice,219,Lakeview Chowk,none
CDR00811,N6,Priya Dutta,7000000105,N15,Poonam Mishra,7000000114,2026-01-13 21:21:00,13,voice,115,Dockside Ward,none
CDR00812,N13,Poonam Reddy,7000000112,N8,Manoj Menon,7000000107,2026-01-14 13:51:00,14,voice,181,Central Junction,none
CDR00813,N20,Ajay Bhatia,7000000119,N1,Sneha Naidu,7000000100,2026-01-25 09:57:00,25,voice,347,North Bypass,none
CDR00814,N19,Amit Bansal,7000000118,N10,Vinay Reddy,7000000109,2026-03-26 15:11:00,85,voice,256,Old Market Circle,none
CDR00815,N2,Divya Nair,7000000101,N13,Poonam Reddy,7000000112,2026-02-02 09:36:00,33,voice,41,Old Market Circle,none
CDR00816,N10,Vinay Reddy,7000000109,N1,Sneha Naidu,7000000100,2026-02-04 11:59:00,35,sms,0,Eastgate,none
CDR00817,N18,Vinay Mishra,7000000117,N6,Priya Dutta,7000000105,2026-01-18 18:50:00,18,voice,199,Eastgate,none
CDR00818,N6,Priya Dutta,7000000105,N17,Divya Mishra,7000000116,2026-03-26 10:55:00,85,voice,94,Central Junction,none
CDR00819,N13,Poonam Reddy,7000000112,N1,Sneha Naidu,7000000100,2026-01-29 13:56:00,29,voice,206,Eastgate,none
CDR00820,N8,Manoj Menon,7000000107,N16,Poonam Rao,7000000115,2026-02-03 07:03:00,34,voice,203,Eastgate,none
CDR00821,N8,Manoj Menon,7000000107,N10,Vinay Reddy,7000000109,2026-01-04 22:28:00,4,voice,66,Station Road,none
CDR00822,N18,Vinay Mishra,7000000117,N16,Poonam Rao,7000000115,2026-01-12 19:07:00,12,voice,98,Industrial Estate Road,none
CDR00823,N14,Vinay Nair,7000000113,N15,Poonam Mishra,7000000114,2026-01-08 10:12:00,8,voice,194,Station Road,none
CDR00824,N16,Poonam Rao,7000000115,N8,Manoj Menon,7000000107,2026-02-13 08:04:00,44,voice,257,Lakeview Chowk,none
CDR00825,N7,Deepa Mishra,7000000106,N19,Amit Bansal,7000000118,2026-03-20 19:07:00,79,voice,231,New Colony,none
CDR00826,N2,Divya Nair,7000000101,N8,Manoj Menon,7000000107,2026-03-08 12:32:00,67,sms,0,Industrial Estate Road,none
CDR00827,N4,Amit Reddy,7000000103,N3,Priya Reddy,7000000102,2026-03-03 15:29:00,62,sms,0,Station Road,none
CDR00828,N5,Arjun Rao,7000000104,N3,Priya Reddy,7000000102,2026-02-27 17:06:00,58,voice,349,Eastgate,none
CDR00829,N3,Priya Reddy,7000000102,N4,Amit Reddy,7000000103,2026-03-02 22:16:00,61,voice,15,North Bypass,none
CDR00830,N17,Divya Mishra,7000000116,N1,Sneha Naidu,7000000100,2026-03-24 22:43:00,83,voice,285,North Bypass,none
CDR00831,N8,Manoj Menon,7000000107,N16,Poonam Rao,7000000115,2026-03-27 11:41:00,86,voice,208,Eastgate,none
CDR00832,N2,Divya Nair,7000000101,N12,Priya Bansal,7000000111,2026-03-26 12:44:00,85,voice,316,Station Road,none
CDR00833,N3,Priya Reddy,7000000102,N15,Poonam Mishra,7000000114,2026-01-28 08:18:00,28,voice,81,Industrial Estate Road,none
CDR00834,N10,Vinay Reddy,7000000109,N11,Amit Menon,7000000110,2026-03-16 13:04:00,75,voice,357,Riverside Colony,none
CDR00835,N1,Sneha Naidu,7000000100,N12,Priya Bansal,7000000111,2026-03-03 14:04:00,62,voice,271,Lakeview Chowk,none
CDR00836,N16,Poonam Rao,7000000115,N7,Deepa Mishra,7000000106,2026-03-21 13:12:00,80,sms,0,Industrial Estate Road,none
CDR00837,N10,Vinay Reddy,7000000109,N15,Poonam Mishra,7000000114,2026-02-04 14:48:00,35,voice,218,Riverside Colony,none
CDR00838,N11,Amit Menon,7000000110,N14,Vinay Nair,7000000113,2026-03-27 07:36:00,86,voice,92,Industrial Estate Road,none
CDR00839,N1,Sneha Naidu,7000000100,N5,Arjun Rao,7000000104,2026-03-19 15:38:00,78,voice,297,New Colony,none
CDR00840,N13,Poonam Reddy,7000000112,N5,Arjun Rao,7000000104,2026-02-03 14:35:00,34,voice,223,Riverside Colony,none
CDR00841,N5,Arjun Rao,7000000104,N17,Divya Mishra,7000000116,2026-01-18 17:56:00,18,sms,0,Riverside Colony,none
CDR00842,N8,Manoj Menon,7000000107,N14,Vinay Nair,7000000113,2026-01-22 09:37:00,22,sms,0,Hilltop Society,none
CDR00843,N9,Naveen Reddy,7000000108,N19,Amit Bansal,7000000118,2026-03-26 14:55:00,85,voice,391,Central Junction,none
CDR00844,N14,Vinay Nair,7000000113,N4,Amit Reddy,7000000103,2026-01-07 20:58:00,7,sms,0,Dockside Ward,none
CDR00845,N10,Vinay Reddy,7000000109,N3,Priya Reddy,7000000102,2026-02-06 12:55:00,37,voice,47,New Colony,none
CDR00846,N13,Poonam Reddy,7000000112,N10,Vinay Reddy,7000000109,2026-03-26 23:37:00,85,voice,134,Station Road,none
CDR00847,N17,Divya Mishra,7000000116,N19,Amit Bansal,7000000118,2026-03-29 18:57:00,88,voice,295,Industrial Estate Road,none
CDR00848,N14,Vinay Nair,7000000113,N3,Priya Reddy,7000000102,2026-03-17 15:36:00,76,voice,364,Central Junction,none
CDR00849,N8,Manoj Menon,7000000107,N14,Vinay Nair,7000000113,2026-02-16 23:16:00,47,voice,47,Lakeview Chowk,none
CDR00850,N2,Divya Nair,7000000101,N16,Poonam Rao,7000000115,2026-01-28 17:51:00,28,sms,0,Station Road,none
CDR00851,N16,Poonam Rao,7000000115,N11,Amit Menon,7000000110,2026-03-28 12:29:00,87,sms,0,Industrial Estate Road,none
CDR00852,N14,Vinay Nair,7000000113,N3,Priya Reddy,7000000102,2026-01-27 20:25:00,27,sms,0,Lakeview Chowk,none
CDR00853,N8,Manoj Menon,7000000107,N12,Priya Bansal,7000000111,2026-02-16 19:42:00,47,voice,196,Riverside Colony,none
CDR00854,N8,Manoj Menon,7000000107,N7,Deepa Mishra,7000000106,2026-02-04 10:02:00,35,voice,217,Warehouse District,none
CDR00855,N14,Vinay Nair,7000000113,N3,Priya Reddy,7000000102,2026-03-02 21:21:00,61,voice,192,Eastgate,none
CDR00856,N14,Vinay Nair,7000000113,N11,Amit Menon,7000000110,2026-01-23 22:44:00,23,voice,356,Riverside Colony,none
CDR00857,N13,Poonam Reddy,7000000112,N12,Priya Bansal,7000000111,2026-01-15 16:53:00,15,voice,114,North Bypass,none
CDR00858,N8,Manoj Menon,7000000107,N19,Amit Bansal,7000000118,2026-01-26 18:49:00,26,sms,0,North Bypass,none
CDR00859,N9,Naveen Reddy,7000000108,N6,Priya Dutta,7000000105,2026-01-09 21:54:00,9,voice,311,Dockside Ward,none
CDR00860,N7,Deepa Mishra,7000000106,N1,Sneha Naidu,7000000100,2026-03-18 20:46:00,77,voice,24,Old Market Circle,none
CDR00861,N1,Sneha Naidu,7000000100,N6,Priya Dutta,7000000105,2026-01-11 14:00:00,11,voice,99,Central Junction,none
CDR00862,N8,Manoj Menon,7000000107,N1,Sneha Naidu,7000000100,2026-01-04 10:05:00,4,sms,0,Industrial Estate Road,none
CDR00863,N5,Arjun Rao,7000000104,N16,Poonam Rao,7000000115,2026-02-12 09:33:00,43,voice,159,Hilltop Society,none
CDR00864,N16,Poonam Rao,7000000115,N9,Naveen Reddy,7000000108,2026-02-12 08:59:00,43,voice,93,Central Junction,none
CDR00865,N3,Priya Reddy,7000000102,N20,Ajay Bhatia,7000000119,2026-03-21 08:44:00,80,sms,0,Riverside Colony,none
CDR00866,N11,Amit Menon,7000000110,N20,Ajay Bhatia,7000000119,2026-03-06 22:09:00,65,voice,296,Dockside Ward,none
CDR00867,N5,Arjun Rao,7000000104,N14,Vinay Nair,7000000113,2026-02-19 16:45:00,50,voice,169,Old Market Circle,none
CDR00868,N16,Poonam Rao,7000000115,N4,Amit Reddy,7000000103,2026-01-09 11:12:00,9,sms,0,Station Road,none
CDR00869,N15,Poonam Mishra,7000000114,N8,Manoj Menon,7000000107,2026-03-21 09:52:00,80,voice,299,Hilltop Society,none
CDR00870,N5,Arjun Rao,7000000104,N1,Sneha Naidu,7000000100,2026-01-25 13:06:00,25,sms,0,Station Road,none
CDR00871,N8,Manoj Menon,7000000107,N9,Naveen Reddy,7000000108,2026-03-06 20:33:00,65,voice,380,Dockside Ward,none
CDR00872,N1,Sneha Naidu,7000000100,N8,Manoj Menon,7000000107,2026-01-04 14:32:00,4,voice,337,Lakeview Chowk,none
CDR00873,N15,Poonam Mishra,7000000114,N7,Deepa Mishra,7000000106,2026-01-24 13:19:00,24,sms,0,Central Junction,none
CDR00874,N5,Arjun Rao,7000000104,N6,Priya Dutta,7000000105,2026-01-08 14:29:00,8,sms,0,Lakeview Chowk,none
CDR00875,N10,Vinay Reddy,7000000109,N13,Poonam Reddy,7000000112,2026-02-10 23:46:00,41,voice,321,Eastgate,none
CDR00876,N3,Priya Reddy,7000000102,N10,Vinay Reddy,7000000109,2026-01-07 17:32:00,7,voice,99,North Bypass,none
CDR00877,N8,Manoj Menon,7000000107,N15,Poonam Mishra,7000000114,2026-01-04 13:20:00,4,voice,269,Lakeview Chowk,none
CDR00878,N17,Divya Mishra,7000000116,N12,Priya Bansal,7000000111,2026-03-29 22:33:00,88,voice,48,Old Market Circle,none
CDR00879,N3,Priya Reddy,7000000102,N13,Poonam Reddy,7000000112,2026-02-25 22:04:00,56,voice,352,New Colony,none
CDR00880,N8,Manoj Menon,7000000107,N15,Poonam Mishra,7000000114,2026-02-10 22:45:00,41,voice,371,Eastgate,none
CDR00881,N18,Vinay Mishra,7000000117,N15,Poonam Mishra,7000000114,2026-02-10 08:06:00,41,sms,0,Old Market Circle,none
CDR00882,N9,Naveen Reddy,7000000108,N5,Arjun Rao,7000000104,2026-01-05 11:04:00,5,voice,327,Dockside Ward,none
CDR00883,N10,Vinay Reddy,7000000109,N3,Priya Reddy,7000000102,2026-03-26 17:27:00,85,voice,84,Hilltop Society,none
CDR00884,N4,Amit Reddy,7000000103,N2,Divya Nair,7000000101,2026-01-05 16:58:00,5,sms,0,Riverside Colony,none
CDR00885,N17,Divya Mishra,7000000116,N4,Amit Reddy,7000000103,2026-03-31 09:20:00,90,voice,282,Warehouse District,none
CDR00886,N14,Vinay Nair,7000000113,N6,Priya Dutta,7000000105,2026-01-31 12:24:00,31,sms,0,Hilltop Society,none
CDR00887,N11,Amit Menon,7000000110,N12,Priya Bansal,7000000111,2026-01-16 14:29:00,16,sms,0,Old Market Circle,none
CDR00888,N3,Priya Reddy,7000000102,N9,Naveen Reddy,7000000108,2026-02-19 22:14:00,50,sms,0,Warehouse District,none
CDR00889,N10,Vinay Reddy,7000000109,N15,Poonam Mishra,7000000114,2026-02-20 13:46:00,51,sms,0,Lakeview Chowk,none
CDR00890,N7,Deepa Mishra,7000000106,N16,Poonam Rao,7000000115,2026-01-14 23:21:00,14,sms,0,Dockside Ward,none
CDR00891,N9,Naveen Reddy,7000000108,N17,Divya Mishra,7000000116,2026-03-02 11:54:00,61,voice,170,Riverside Colony,none
CDR00892,N11,Amit Menon,7000000110,N7,Deepa Mishra,7000000106,2026-03-26 20:03:00,85,sms,0,Industrial Estate Road,none
CDR00893,N19,Amit Bansal,7000000118,N12,Priya Bansal,7000000111,2026-01-02 15:38:00,2,voice,29,Eastgate,none
CDR00894,N8,Manoj Menon,7000000107,N11,Amit Menon,7000000110,2026-02-04 18:19:00,35,voice,190,Hilltop Society,none
CDR00895,N13,Poonam Reddy,7000000112,N10,Vinay Reddy,7000000109,2026-01-15 14:00:00,15,sms,0,Hilltop Society,none
CDR00896,N19,Amit Bansal,7000000118,N8,Manoj Menon,7000000107,2026-03-24 08:56:00,83,voice,396,Riverside Colony,none
CDR00897,N10,Vinay Reddy,7000000109,N9,Naveen Reddy,7000000108,2026-03-06 17:24:00,65,voice,167,Riverside Colony,none
CDR00898,N8,Manoj Menon,7000000107,N18,Vinay Mishra,7000000117,2026-02-13 08:22:00,44,sms,0,Riverside Colony,none
CDR00899,N11,Amit Menon,7000000110,N5,Arjun Rao,7000000104,2026-03-28 08:50:00,87,sms,0,New Colony,none
CDR00900,N15,Poonam Mishra,7000000114,N11,Amit Menon,7000000110,2026-03-02 21:50:00,61,voice,119,Lakeview Chowk,none
CDR00901,N11,Amit Menon,7000000110,N12,Priya Bansal,7000000111,2026-02-01 09:06:00,32,voice,23,Dockside Ward,none
CDR00902,N8,Manoj Menon,7000000107,SVC1,City Bites Fast Food (Delivery Line),7000000999,2026-02-17 09:39:00,48,voice,73,Industrial Estate Road,none
CDR00903,N15,Poonam Mishra,7000000114,SVC1,City Bites Fast Food (Delivery Line),7000000999,2026-03-23 19:19:00,82,sms,0,Hilltop Society,none
CDR00904,N10,Vinay Reddy,7000000109,SVC1,City Bites Fast Food (Delivery Line),7000000999,2026-03-23 22:20:00,82,sms,0,Lakeview Chowk,none
CDR00905,N10,Vinay Reddy,7000000109,SVC1,City Bites Fast Food (Delivery Line),7000000999,2026-02-15 10:38:00,46,voice,192,Old Market Circle,none
CDR00906,N16,Poonam Rao,7000000115,SVC1,City Bites Fast Food (Delivery Line),7000000999,2026-02-27 20:00:00,58,sms,0,North Bypass,none
CDR00907,N8,Manoj Menon,7000000107,SVC1,City Bites Fast Food (Delivery Line),7000000999,2026-01-27 13:23:00,27,voice,228,Lakeview Chowk,none
CDR00908,N4,Amit Reddy,7000000103,SVC1,City Bites Fast Food (Delivery Line),7000000999,2026-03-25 08:29:00,84,voice,170,Dockside Ward,none
CDR00909,N5,Arjun Rao,7000000104,SVC1,City Bites Fast Food (Delivery Line),7000000999,2026-02-24 09:11:00,55,voice,191,Lakeview Chowk,none
CDR00910,N12,Priya Bansal,7000000111,SVC1,City Bites Fast Food (Delivery Line),7000000999,2026-01-13 14:50:00,13,voice,74,Industrial Estate Road,none
CDR00911,N12,Priya Bansal,7000000111,SVC1,City Bites Fast Food (Delivery Line),7000000999,2026-02-25 12:24:00,56,voice,79,Hilltop Society,none
CDR00912,N7,Deepa Mishra,7000000106,SVC1,City Bites Fast Food (Delivery Line),7000000999,2026-02-11 16:21:00,42,voice,107,Station Road,none
CDR00913,N18,Vinay Mishra,7000000117,SVC1,City Bites Fast Food (Delivery Line),7000000999,2026-03-06 07:42:00,65,sms,0,Warehouse District,none
CDR00914,N13,Poonam Reddy,7000000112,SVC1,City Bites Fast Food (Delivery Line),7000000999,2026-03-13 12:11:00,72,voice,226,New Colony,none
CDR00915,N4,Amit Reddy,7000000103,SVC1,City Bites Fast Food (Delivery Line),7000000999,2026-03-14 18:03:00,73,sms,0,Industrial Estate Road,none
CDR00916,N17,Divya Mishra,7000000116,SVC1,City Bites Fast Food (Delivery Line),7000000999,2026-01-03 23:54:00,3,sms,0,Lakeview Chowk,none
CDR00917,N7,Deepa Mishra,7000000106,SVC1,City Bites Fast Food (Delivery Line),7000000999,2026-03-07 21:59:00,66,voice,114,Riverside Colony,none
CDR00918,D6,Vishal Teli,7000000049,SVC1,City Bites Fast Food (Delivery Line),7000000999,2026-01-20 21:51:00,20,voice,94,Warehouse District,coincidental_shared_contact_no_real_link
CDR00919,D6,Vishal Teli,7000000049,SVC1,City Bites Fast Food (Delivery Line),7000000999,2026-03-30 15:38:00,89,voice,167,Industrial Estate Road,coincidental_shared_contact_no_real_link
CDR00920,D6,Vishal Teli,7000000049,SVC1,City Bites Fast Food (Delivery Line),7000000999,2026-03-07 21:03:00,66,voice,61,Eastgate,coincidental_shared_contact_no_real_link
CDR00921,E6,Rohan Malhotra,7000000056,SVC1,City Bites Fast Food (Delivery Line),7000000999,2026-01-22 14:34:00,22,voice,192,Riverside Colony,coincidental_shared_contact_no_real_link
CDR00922,E6,Rohan Malhotra,7000000056,SVC1,City Bites Fast Food (Delivery Line),7000000999,2026-01-30 12:57:00,30,sms,0,Warehouse District,coincidental_shared_contact_no_real_link
CDR00923,E6,Rohan Malhotra,7000000056,SVC1,City Bites Fast Food (Delivery Line),7000000999,2026-01-15 21:45:00,15,voice,115,Central Junction,coincidental_shared_contact_no_real_link
